nom,longitude,latitude,fonctionnel,secteur,source,image,date_creation,zone,trame_verte,batiment,limite,date_collecte,agent_collecteur,info_modifier_le,geometry
robinet 0,1.21541,6.175741,True,Campus Sud,Tde,,,Espace administratif et pédagogique 2,,,limite UL,2024-11-03 20:17:28,ACHIANGBON Ablavi Sarra ,2024-11-03 20:17:28,POINT (302533.18032091507 682962.3213709225)
robinet 1,1.214963,6.175563,True,Campus Sud,Tde,,,Espace administratif et pédagogique 2,,,limite UL,2024-11-03 20:17:28,ACHIANGBON Ablavi Sarra ,2024-11-03 20:17:28,POINT (302483.6709794479 682942.8674468199)
robinet 2,1.213834,6.17549,True,Campus Sud,Tde,,,Sciences et Technologies,,,limite UL,2024-11-03 20:17:29,Abel ,2024-11-03 20:17:29,POINT (302358.69199239806 682935.1311614142)
robinet 3,1.213846,6.17507,True,Campus Sud,Tde,,,Sciences et Technologies,,,limite UL,2024-11-03 20:17:29,Abel,2024-11-03 20:17:29,POINT (302359.8655061969 682888.6731747475)
robinet 4,1.214367,6.174339,True,Campus Sud,Tde,,,Espace administratif et pédagogique 2,,,limite UL,2024-11-03 20:17:29,ACHIANGBON Ablavi Sarra ,2024-11-03 20:17:29,POINT (302417.24104925897 682807.6365844541)
robinet 5,1.214046,6.173779,True,Campus Sud,Tde,,,Espace administratif et pédagogique 2,,,limite UL,2024-11-03 20:17:29,ACHIANGBON Ablavi Sarra ,2024-11-03 20:17:29,POINT (302381.4899221207 682745.8995887142)
robinet 6,1.213811,6.173707,True,Campus Sud,Tde,,,Espace administratif et pédagogique 2,,,limite UL,2024-11-03 20:17:29,ACHIANGBON Ablavi Sarra ,2024-11-03 20:17:29,POINT (302355.44508452766 682737.9940884195)
robinet 7,1.213652,6.174068,True,Campus Sud,Tde,,,Espace administratif et pédagogique 2,,,limite UL,2024-11-03 20:17:29,ACHIANGBON Ablavi Sarra ,2024-11-03 20:17:29,POINT (302337.9411251759 682777.9982147097)
robinet 8,1.213749,6.174058,True,Campus Sud,Tde,,,Espace administratif et pédagogique 2,,,limite UL,2024-11-03 20:17:29,ACHIANGBON Ablavi Sarra ,2024-11-03 20:17:29,POINT (302348.7478947757 682776.768625689)
robinet 9,1.212138,6.173403,True,Campus Sud,Tde,,,Espace administratif et pédagogique 2,,,limite UL,2024-11-03 20:17:29,NOUTCHET,2024-11-03 20:17:29,POINT (302170.1740089946 682704.9455588473)
robinet 10,1.210695,6.171704,True,Campus Sud,Tde,,,"Sciences Juridiques, Lettres et Arts 1",,,limite UL,2024-11-03 20:17:29,AMIDOU faouziatou,2024-11-03 20:17:29,POINT (302009.8568594924 682517.5572226432)
robinet 11,1.210889,6.171763,True,Campus Sud,Tde,,,"Sciences Juridiques, Lettres et Arts 1",,,limite UL,2024-11-03 20:17:29,AMIDOU faouziatou,2024-11-03 20:17:29,POINT (302031.27139001084 682524.0304444826)
robinet 12,1.211592,6.172944,True,Campus Sud,Forage,,,"Sciences Juridiques, Lettres et Arts 1",,,limite UL,2024-11-03 20:17:29,AMEKUDZI ,2024-11-03 20:17:29,POINT (302109.5277251693 682654.4448127256)
robinet 13,1.212321,6.170731,True,Campus Sud,Forage,,,"Sciences Juridiques, Lettres et Arts 1",,,limite UL,2024-11-03 20:17:29,AMEKUDZI ,2024-11-03 20:17:29,POINT (302189.42942688544 682409.4253038679)
robinet 14,1.213881,6.172039,False,Campus Sud,Forage,,,"Sciences Juridiques, Lettres et Arts 1",,,limite UL,2024-11-03 20:17:29,AMEKUDZI ,2024-11-03 20:17:29,POINT (302362.569975283 682553.4391508781)
robinet 15,1.214885,6.172281,True,Campus Sud,Forage,,,"Sciences Juridiques, Lettres et Arts 1",,,limite UL,2024-11-03 20:17:29,AMEKUDZI ,2024-11-03 20:17:29,POINT (302473.84044913703 682579.8372842199)
robinet 16,1.215493,6.171699,True,Campus Sud,Tde,,,"Sciences Juridiques, Lettres et Arts 1",,,limite UL,2024-11-03 20:17:29,Abel ,2024-11-03 20:17:29,POINT (302540.86845686164 682515.2906817477)
robinet 17,1.2144,6.169038,True,Campus Sud,Tde,,,Zone résidentielles 2,,,limite UL,2024-11-03 20:17:29,ADIKA Afi Cathérine ,2024-11-03 20:17:29,POINT (302418.9233806599 682221.3908864569)
robinet 18,1.215616,6.168345,True,Campus Sud,Tde,,,Zone résidentielles 2,,,limite UL,2024-11-03 20:17:29,ADIKA Afi Cathérine ,2024-11-03 20:17:29,POINT (302553.3140771645 682144.3336970017)
robinet 19,1.216685,6.168779,True,Campus Sud,Tde,,,Zone résidentielles 2,,,limite UL,2024-11-03 20:17:29,ADIKA Afi Cathérine,2024-11-03 20:17:29,POINT (302671.70781851036 682191.878990087)
robinet 20,1.216524,6.168821,True,Campus Sud,Tde,,,Zone résidentielles 2,,,limite UL,2024-11-03 20:17:29,ADIKA Afi Cathérine,2024-11-03 20:17:29,POINT (302653.9645602616 682196.5613021138)
robinet 21,1.216689,6.168469,True,Campus Sud,Tde,,,Zone résidentielles 2,,,limite UL,2024-11-03 20:17:29,ADIKA Afi Cathérine,2024-11-03 20:17:29,POINT (302672.124490657 682157.6147131935)
robinet 22,1.218468,6.171088,True,,Forage,,,Aires sportives 1,,,limite UL,2024-11-03 20:17:29,AWOUSSI Daniel,2024-11-03 20:17:29,POINT (302869.9971140328 682446.568156858)
robinet 23,1.218377,6.17209,True,Campus Sud,Forage,,,Aires sportives 1,,,limite UL,2024-11-03 20:17:29,AWOUSSI Daniel,2024-11-03 20:17:29,POINT (302860.2423132277 682557.5016059878)
robinet 24,1.217498,6.172596,True,Campus Sud,Forage,,,Aires sportives 1,,,limite UL,2024-11-03 20:17:29,AWOUSSI Daniel,2024-11-03 20:17:29,POINT (302763.10239321203 682613.729889266)
robinet 25,1.216208,6.173263,True,Campus Sud,Forage,,,Aires sportives 1,,,limite UL,2024-11-03 20:17:29,AWOUSSI Daniel,2024-11-03 20:17:29,POINT (302620.6175829779 682687.9583427163)
robinet 26,1.215775,6.174004,False,Campus Sud,Tde,,,Espace administratif et pédagogique 2,,,limite UL,2024-11-03 20:17:29,ACHIANGBON Ablavi Sarra ,2024-11-03 20:17:29,POINT (302572.9693110268 682770.1078105938)
robinet 27,1.213805,6.175636,True,Campus Sud,Tde,,,Sciences et Technologies,,,limite UL,2024-11-03 20:17:29,Abel ,2024-11-03 20:17:29,POINT (302355.54424853105 682951.3618749094)
robinet 28,1.214627,6.17387,True,Campus Sud,Tde,,,Espace administratif et pédagogique 2,,,limite UL,2024-11-03 20:17:30,ACHIANGBON Ablavi Sarra ,2024-11-03 20:17:30,POINT (302445.81905348063 682755.6520068311)
robinet 29,1.213285,6.173687,True,Campus Sud,Tde,,,Espace administratif et pédagogique 2,,,limite UL,2024-11-03 20:17:30,ACHIANGBON Ablavi Sarra ,2024-11-03 20:17:30,POINT (302297.1810253571 682735.989745969)
robinet 30,1.213231,6.173614,True,Campus Sud,Tde,,,Espace administratif et pédagogique 2,,,limite UL,2024-11-03 20:17:30,ACHIANGBON Ablavi Sarra ,2024-11-03 20:17:30,POINT (302291.1801351515 682727.9252361037)
robinet 31,1.210492,6.172513,True,Campus Sud,Tde,,,Sciences Agronomiques,,,limite UL,2024-11-03 20:17:30,AMIDOU faouziatou,2024-11-03 20:17:30,POINT (301987.66037931293 682607.160184185)
robinet 32,1.210869,6.172408,True,Campus Sud,Tde,,,Sciences Agronomiques,,,limite UL,2024-11-03 20:17:30,Sanou Gbati,2024-11-03 20:17:30,POINT (302029.3194497798 682595.4020213174)
robinet 33,1.211033,6.172492,True,Campus Sud,Tde,,,Sciences Agronomiques,,,limite UL,2024-11-03 20:17:30,Sanou Gbati,2024-11-03 20:17:30,POINT (302047.46666398854 682604.582572319)
robinet 34,1.211894,6.172737,True,Campus Sud,Forage,,,"Sciences Juridiques, Lettres et Arts 1",,,limite UL,2024-11-03 20:17:30,AMEKUDZI ,2024-11-03 20:17:30,POINT (302142.91035459255 682631.4048571493)
robinet 35,1.211559,6.172728,False,Campus Sud,Forage,,,"Sciences Juridiques, Lettres et Arts 1",,,limite UL,2024-11-03 20:17:30,AMEKUDZI ,2024-11-03 20:17:30,POINT (302105.8278207823 682630.4996894391)
robinet 36,1.211433,6.171511,True,Campus Sud,Forage,,,"Sciences Juridiques, Lettres et Arts 1",,,limite UL,2024-11-03 20:17:30,AMIDOU faouziatou,2024-11-03 20:17:30,POINT (302091.41719709674 682495.9558099695)
robinet 37,1.211439,6.171643,True,Campus Sud,Tde,,,"Sciences Juridiques, Lettres et Arts 1",,,limite UL,2024-11-03 20:17:30,AMIDOU faouziatou,2024-11-03 20:17:30,POINT (302092.13391784695 682510.6318525659)
robinet 38,1.211419,6.171645,True,Campus Sud,Tde,,,"Sciences Juridiques, Lettres et Arts 1",,,limite UL,2024-11-03 20:17:30,AMIDOU faouziatou,2024-11-03 20:17:30,POINT (302089.95506663504 682510.8128046753)
robinet 39,1.212126,6.171474,False,Campus Sud,Forage,,,"Sciences Juridiques, Lettres et Arts 1",,,limite UL,2024-11-03 20:17:30,AMEKUDZI ,2024-11-03 20:17:30,POINT (302168.1652956104 682491.6481495699)
robinet 40,1.213015,6.172572,True,Campus Sud,Forage,,,"Sciences Juridiques, Lettres et Arts 1",,,limite UL,2024-11-03 20:17:30,AMEKUDZI ,2024-11-03 20:17:30,POINT (302266.8839452199 682612.7347912589)
robinet 41,1.215688,6.171065,True,Campus Sud,Tde,,,"Sciences Juridiques, Lettres et Arts 1",,,limite UL,2024-11-03 20:17:30,Abel,2024-11-03 20:17:30,POINT (302562.226475048 682445.1007417769)
robinet 42,1.216027,6.167858,True,Campus Sud,Tde,,,Zone résidentielles 2,,,limite UL,2024-11-03 20:17:30,ADIKA Afi Cathérine ,2024-11-03 20:17:30,POINT (302598.5321046336 682090.2254785285)
robinet 43,1.217418,6.169223,True,,,,,Aires sportives 1,,,limite UL,2024-11-03 20:17:30,AWOUSSI Daniel,2024-11-03 20:17:30,POINT (302753.0283691513 682240.7594813457)
robinet 44,1.217404,6.169132,True,Campus Sud,Tde,,,Zone résidentielles 2,,,limite UL,2024-11-03 20:17:30,ADIKA Afi Cathérine ,2024-11-03 20:17:30,POINT (302751.46166470816 682230.6937821201)
robinet 45,1.218472,6.172242,True,Campus Sud,Forage,,,Grandes aires de stationnement 2,,,limite UL,2024-11-03 20:17:30,ALFA-GANI Cissé Bilal ,2024-11-03 20:17:30,POINT (302870.87648966815 682574.2130182501)
robinet 46,1.2174,6.172765,True,Campus Sud,Forage,,,Aires sportives 1,,,limite UL,2024-11-03 20:17:30,AWOUSSI Daniel,2024-11-03 20:17:30,POINT (302752.3641035719 682632.4511447506)
robinet 47,1.216221,6.173335,True,Campus Sud,Tde,,,Aires sportives 1,,,limite UL,2024-11-03 20:17:30,AWOUSSI Daniel ,2024-11-03 20:17:30,POINT (302622.08438148967 682695.9451572725)
robinet 48,1.215661,6.173636,True,Campus Sud,Tde,,,Espace administratif et pédagogique 2,,,limite UL,2024-11-03 20:17:30,ACHIANGBON Ablavi Sarra ,2024-11-03 20:17:30,POINT (302560.170461755 682729.4676341701)
robinet 49,1.215723,6.176134,True,Campus Sud,Tde,,,Sciences et Technologies,,,limite UL,2024-11-03 20:17:30,Abel ,2024-11-03 20:17:30,POINT (302568.0293266643 683005.6326455906)
robinet 50,1.215434,6.176113,True,Campus Sud,Tde,,,Sciences et Technologies,,,limite UL,2024-11-03 20:17:30,Abel ,2024-11-03 20:17:30,POINT (302536.0124533838 683003.4915231739)
robinet 51,1.21506,6.176482,True,Campus Sud,Tde,,,Sciences et Technologies,,,limite UL,2024-11-03 20:17:30,Abel ,2024-11-03 20:17:30,POINT (302494.7017320324 683044.4424836712)
robinet 52,1.215104,6.175882,True,Campus Sud,Tde,,,Espace administratif et pédagogique 2,,,limite UL,2024-11-03 20:17:30,ACHIANGBON Ablavi Sarra ,2024-11-03 20:17:30,POINT (302499.38243899215 682978.0044985401)
robinet 53,1.214962,6.175912,True,Campus Sud,Tde,,,Espace administratif et pédagogique 2,,,limite UL,2024-11-03 20:17:30,ACHIANGBON Ablavi Sarra ,2024-11-03 20:17:30,POINT (302483.7251156799 682981.4644827573)
robinet 54,1.212559,6.175179,True,Campus Sud,Tde,,,Sciences et Technologies,,,limite UL,2024-11-03 20:17:30,Abel,2024-11-03 20:17:30,POINT (302217.46032626997 682901.261412047)
robinet 55,1.211958,6.17587,True,Campus Sud,Tde,,,Sciences et Technologies,,,limite UL,2024-11-03 20:17:30,Abel ,2024-11-03 20:17:30,POINT (302151.1387391635 682977.831471964)
robinet 56,1.211968,6.176622,True,Campus Sud,Forage,,,Sciences et Technologies,,,limite UL,2024-11-03 20:17:30,Abel ,2024-11-03 20:17:30,POINT (302152.54408216523 683061.0953079073)
robinet 57,1.213116,6.177283,True,Campus Sud,Tde,,,Sciences et Technologies,,,limite UL,2024-11-03 20:17:31,Abel ,2024-11-03 20:17:31,POINT (302279.8904608775 683133.7579759028)
robinet 58,1.212574,6.17742,True,Campus Sud,Tde,,,Sciences et Technologies,,,limite UL,2024-11-03 20:17:31,Abel,2024-11-03 20:17:31,POINT (302219.87533167016 683149.1168048705)
robinet 59,1.212417,6.178079,True,Campus Nord,Forage,,,Sciences de la Santé,,,limite UL,2024-11-03 20:17:31,AMEKUDZI ,2024-11-03 20:17:31,POINT (302202.79437335697 683222.044369289)
robinet 60,1.212767,6.179138,True,Campus Nord,Forage,,,Sciences de la Santé,,,limite UL,2024-11-03 20:17:31,AMEKUDZI ,2024-11-03 20:17:31,POINT (302241.9330626071 683338.9566883247)
robinet 61,1.212945,6.180089,True,Campus Nord,Forage,,,Sciences de la Santé,,,limite UL,2024-11-03 20:17:31,AMEKUDZI ,2024-11-03 20:17:31,POINT (302261.9830227726 683444.1246591394)
robinet 62,1.213659,6.180788,False,Campus Nord,Forage,,,Sciences de la Santé,,,limite UL,2024-11-03 20:17:31,AMEKUDZI ,2024-11-03 20:17:31,POINT (302341.2334543796 683521.213392669)
robinet 63,1.214178,6.180777,True,Campus Sud,Tde,,,Zone résidentielles 2,,,limite UL,2024-11-03 20:17:31,GOMADO koffi Eustache ,2024-11-03 20:17:31,POINT (302398.7012731056 683519.7032411583)
robinet 64,1.213615,6.182003,True,Campus Sud,Tde,,,Zone résidentielles 2,,,limite UL,2024-11-03 20:17:31,GOMADO koffi Eustache ,2024-11-03 20:17:31,POINT (302336.8706804296 683655.503884649)
robinet 65,1.213697,6.181974,True,Campus Sud,Tde,,,Zone résidentielles 2,,,limite UL,2024-11-03 20:17:31,GOMADO koffi Eustache ,2024-11-03 20:17:31,POINT (302345.9505445566 683652.2870895503)
robinet 66,1.21392,6.182278,True,Campus Sud,Tde,,,Zone résidentielles 2,,,limite UL,2024-11-03 20:17:31,GOMADO koffi Eustache ,2024-11-03 20:17:31,POINT (302370.7375491257 683685.8806370853)
robinet 67,1.213594,6.182227,True,Campus Nord,Forage,,,Espace administratif et pédagogique 1,,,limite UL,2024-11-03 20:17:31,NUTSUDZA Blessing,2024-11-03 20:17:31,POINT (302334.61426108086 683680.3615085664)
robinet 68,1.211189,6.182401,True,Campus Nord,Tde,,,Sciences de l'Homme et de la Société,,,limite UL,2024-11-03 20:17:31,KOUGBALI,2024-11-03 20:17:31,POINT (302068.4279309212 683700.4237653824)
robinet 69,1.21078,6.182796,True,Campus Nord,Tde,,,Sciences de l'Homme et de la Société,,,limite UL,2024-11-03 20:17:31,KOUGBALI,2024-11-03 20:17:31,POINT (302023.3271167325 683744.3520569153)
robinet 70,1.210093,6.184224,True,Campus Nord,Tde,,,Sciences de l'Homme et de la Société,,,limite UL,2024-11-03 20:17:31,SOTOWOU Honorine ,2024-11-03 20:17:31,POINT (301947.8057604688 683902.502552825)
robinet 71,1.208721,6.183586,True,Campus Nord,Tde,,,Sciences de l'Homme et de la Société,,,limite UL,2024-11-03 20:17:31,SOTOWOU Honorine ,2024-11-03 20:17:31,POINT (301795.68846205075 683832.4426886257)
robinet 72,1.208632,6.18367,True,Campus Nord,Tde,,,Sciences de l'Homme et de la Société,,,limite UL,2024-11-03 20:17:31,SOTOWOU Honorine ,2024-11-03 20:17:31,POINT (301785.9451819439 683841.7712171491)
robinet 73,1.207937,6.183768,True,Campus Nord,Tde,,,Sciences de l'Homme et de la Société,,,limite UL,2024-11-03 20:17:31,SOTOWOU Honorine ,2024-11-03 20:17:31,POINT (301709.0458139464 683852.9197503689)
robinet 74,1.209439,6.18705,True,Campus Nord,Tde,,,Espace administratif,,,limite UL,2024-11-03 20:17:31,AZONDJAGNI Yao Divin ,2024-11-03 20:17:31,POINT (301876.5260852972 684215.3148305197)
robinet 75,1.209716,6.187563,True,Campus Nord,Tde,,,Espace administratif,,,limite UL,2024-11-03 20:17:31,AZONDJAGNI Yao Divin ,2024-11-03 20:17:31,POINT (301907.3975056206 684271.8631778787)
robinet 76,1.210855,6.18682,True,Campus Nord,Tde,,,Sciences Economiques et de Gestion,,,limite UL,2024-11-03 20:17:31,AZOTI Croix ,2024-11-03 20:17:31,POINT (302033.1637937488 684189.352148281)
robinet 77,1.210911,6.186022,True,Campus Nord,Tde,,,Sciences Economiques et de Gestion,,,limite UL,2024-11-03 20:17:31,AZOTI Croix ,2024-11-03 20:17:31,POINT (302039.0282071036 684100.9862530195)
robinet 78,1.210244,6.186531,True,Campus Nord,Tde,,,Sciences Economiques et de Gestion,,,limite UL,2024-11-03 20:17:32,AZOTI Croix ,2024-11-03 20:17:32,POINT (301965.46245438384 684157.6351892267)
robinet 79,1.210566,6.185769,True,Campus Nord,Tde,,,Sciences Economiques et de Gestion,,,limite UL,2024-11-03 20:17:32,AZOTI Croix ,2024-11-03 20:17:32,POINT (302000.82019241253 684073.2399445485)
robinet 80,1.211016,6.185209,True,Campus Nord,Tde,,,Sciences Economiques et de Gestion,,,limite UL,2024-11-03 20:17:32,AZOTI Croix ,2024-11-03 20:17:32,POINT (302050.3497644403 684011.0580645541)
robinet 81,1.211854,6.185718,True,Campus Nord,Tde,,,Espace administratif et pédagogique 1,,,limite UL,2024-11-03 20:17:32,NUTSUDZA Blessing,2024-11-03 20:17:32,POINT (302143.35935088544 684067.0910656607)
robinet 82,1.211599,6.185715,True,Campus Nord,Tde,,,Espace administratif et pédagogique 1,,,limite UL,2024-11-03 20:17:32,NUTSUDZA Blessing,2024-11-03 20:17:32,POINT (302115.120356457 684066.8332616389)
robinet 83,1.214447,6.17655,True,Campus Sud,Forage,,,Sciences et Technologies,,,limite UL,2024-11-03 20:17:32,Abel,2024-11-03 20:17:32,POINT (302426.9480396252 683052.116187086)
robinet 84,1.211658,6.185497,True,Campus Nord,Tde,,,Espace administratif et pédagogique 1,,,limite UL,2024-11-03 20:17:32,NUTSUDZA Blessing,2024-11-03 20:17:32,POINT (302121.528605393 684042.6816143931)
robinet 85,1.21229,6.185309,True,Campus Nord,Tde,,,Espace administratif et pédagogique 1,,,limite UL,2024-11-03 20:17:32,NUTSUDZA Blessing,2024-11-03 20:17:32,POINT (302191.4709136819 684021.6220259321)
robinet 86,1.211763,6.185275,True,Campus Nord,Tde,,,Espace administratif et pédagogique 1,,,limite UL,2024-11-03 20:17:32,NUTSUDZA Blessing,2024-11-03 20:17:32,POINT (302133.12643649825 684018.0579580063)
robinet 87,1.211709,6.185141,True,Campus Nord,Tde,,,Espace administratif et pédagogique 1,,,limite UL,2024-11-03 20:17:32,NUTSUDZA Blessing,2024-11-03 20:17:32,POINT (302127.0022178842 684003.2585410435)
robinet 88,1.212034,6.185406,True,Campus Nord,Tde,,,Espace administratif et pédagogique 1,,,limite UL,2024-11-03 20:17:32,NUTSUDZA Blessing,2024-11-03 20:17:32,POINT (302163.1375923157 684032.4850514903)
robinet 89,1.212357,6.184544,True,Campus Nord,Forage,,,Espace administratif et pédagogique 1,,,limite UL,2024-11-03 20:17:32,NUTSUDZA Blessing,2024-11-03 20:17:32,POINT (302198.55049682606 683937.0622104958)
robinet 90,1.213467,6.175486,True,Campus Sud,Tde,,,Sciences et Technologies,,,limite UL,2024-11-03 20:17:32,Abel ,2024-11-03 20:17:32,POINT (302318.0975563993 682934.8813729255)
robinet 91,1.214006,6.175909,True,Campus Sud,Forage,,,Sciences et Technologies,,,limite UL,2024-11-03 20:17:32,Abel ,2024-11-03 20:17:32,POINT (302377.83261906775 682981.4811856251)
robinet 92,1.214254,6.175915,True,Campus Sud,Tde,,,Sciences et Technologies,,,limite UL,2024-11-03 20:17:32,Abel ,2024-11-03 20:17:32,POINT (302405.2605807327 682982.0173735034)
robinet 93,1.210775,6.186713,False,Campus Nord,Tde,,,Sciences Economiques et de Gestion,,,limite UL,2024-11-03 20:17:32,AZOTI Croix ,2024-11-03 20:17:32,POINT (302024.2537288494 684177.5508225315)
robinet 94,1.213989,6.179573,True,Campus Sud,Tde,,,Zone marchande 2,,,limite UL,2024-11-03 20:17:32,,2024-11-03 20:17:32,POINT (302377.2984568433 683386.6848827869)
robinet 95,1.212303,6.17813,True,Campus Nord,Forage,,,Sciences de la Santé,,,limite UL,2024-11-03 20:17:32,AMEKUDZI,2024-11-03 20:17:32,POINT (302190.1836299723 683227.6678981918)
robinet 96,1.212694,6.179214,True,Campus Nord,Forage,,,Sciences de la Santé,,,limite UL,2024-11-03 20:17:32,AMEKUDZI,2024-11-03 20:17:32,POINT (302233.8605457023 683347.3913906951)
robinet 97,1.212503,6.178966,True,Campus Nord,Forage,,,Sciences de la Santé,,,limite UL,2024-11-03 20:17:32,AMEKUDZI,2024-11-03 20:17:32,POINT (302212.6787876988 683320.06410512)
robinet 98,1.211562,6.178622,True,Campus Nord,Forage,,,Sciences de la Santé,,,limite UL,2024-11-03 20:17:33,AMEKUDZI ,2024-11-03 20:17:33,POINT (302108.3555017822 683282.429265539)
robinet 99,1.212449,6.179588,True,Campus Nord,Forage,,,Sciences de la Santé,,,limite UL,2024-11-03 20:17:33,AMEKUDZI ,2024-11-03 20:17:33,POINT (302206.92782577296 683388.8960429255)
robinet 100,1.212449,6.179588,True,Campus Nord,Forage,,,Sciences de la Santé,,,limite UL,2024-11-03 20:17:33,AMEKUDZI ,2024-11-03 20:17:33,POINT (302206.92782577296 683388.8960429255)
robinet 101,1.212476,6.179461,True,Campus Nord,Forage,,,Sciences de la Santé,,,limite UL,2024-11-03 20:17:33,AMEKUDZI ,2024-11-03 20:17:33,POINT (302209.8393177078 683374.8552524999)
robinet 102,1.212563,6.179411,False,Campus Nord,Forage,,,Sciences de la Santé,,,limite UL,2024-11-03 20:17:33,AMEKUDZI ,2024-11-03 20:17:33,POINT (302219.39181322156 683369.3175298083)
robinet 103,1.21214,6.180139,True,Campus Nord,Forage,,,Sciences de la Santé,,,limite UL,2024-11-03 20:17:33,AMEKUDZI ,2024-11-03 20:17:33,POINT (302172.9382734631 683449.9888381587)
robinet 104,1.212284,6.179959,True,Campus Nord,Forage,,,Sciences de la Santé,,,limite UL,2024-11-03 20:17:33,AMEKUDZI 3e,2024-11-03 20:17:33,POINT (302188.71150958166 683429.9707380168)
robinet 105,1.212809,6.180253,False,Campus Nord,Forage,,,Sciences de la Santé,,,limite UL,2024-11-03 20:17:33,AMEKUDZI ,2024-11-03 20:17:33,POINT (302246.99252045905 683462.2889306046)
robinet 106,1.212374,6.180743,True,Campus Nord,Forage,,,Sciences de la Santé,,,limite UL,2024-11-03 20:17:33,AMEKUDZI ,2024-11-03 20:17:33,POINT (302199.0685610329 683516.6994677155)
robinet 107,1.208317,6.184763,True,Campus Nord,Forage,,,Zone résidentielles 1,,,limite UL,2024-11-03 20:17:33,DAYOU Koffi,2024-11-03 20:17:33,POINT (301751.44466023013 683962.8220773693)
robinet 108,1.208441,6.184734,True,Campus Nord,Forage,,,Zone résidentielles 1,,,limite UL,2024-11-03 20:17:33,DAYOU Koffi ,2024-11-03 20:17:33,POINT (301765.15018849925 683959.5308840651)
robinet 109,1.208428,6.184702,True,Campus Nord,Forage,,,Zone résidentielles 1,,,limite UL,2024-11-03 20:17:33,DAYOU Koffi ,2024-11-03 20:17:33,POINT (301763.6834247691 683955.9451588601)
robinet 110,1.208398,6.1847,True,Campus Nord,Forage,,,Zone résidentielles 1,,,limite UL,2024-11-03 20:17:33,DAYOU Koffi ,2024-11-03 20:17:33,POINT (301760.40282272577 683955.8192527174)
robinet 111,1.208341,6.184742,True,Campus Nord,Forage,,,Zone résidentielles 1,,,limite UL,2024-11-03 20:17:33,DAYOU Koffi ,2024-11-03 20:17:33,POINT (301754.06791329547 683960.4222694495)
robinet 112,1.208408,6.184768,True,Campus Nord,Forage,,,Zone résidentielles 1,,,limite UL,2024-11-03 20:17:33,DAYOU Koffi ,2024-11-03 20:17:33,POINT (301761.50739803613 683963.3195228787)
robinet 113,1.208415,6.184776,True,Campus Nord,Forage,,,Zone résidentielles 1,,,limite UL,2024-11-03 20:17:33,DAYOU Koffi ,2024-11-03 20:17:33,POINT (301762.35149346176 683964.2106870243)
robinet 114,1.208606,6.184505,True,Campus Nord,Forage,,,Zone résidentielles 1,,,limite UL,2024-11-03 20:17:33,DAYOU Koffi ,2024-11-03 20:17:33,POINT (301783.3565839342 683934.1700983691)
robinet 115,1.208394,6.1844,False,Campus Nord,Forage,,,Zone résidentielles 1,,,limite UL,2024-11-03 20:17:33,DAYOU Koffi ,2024-11-03 20:17:33,POINT (301759.8509709417 683922.5992899712)
robinet 116,1.209433,6.18721,True,Campus Nord,Tde,,,Espace administratif,,,limite UL,2024-11-03 20:17:33,AZONDJAGNI Yao Divin ,2024-11-03 20:17:33,POINT (301875.9373566173 684232.9803084997)
robinet 117,1.211872,6.185874,True,Campus Nord,Tde,,,Espace administratif et pédagogique 1,,,limite UL,2024-11-03 20:17:33,NUTSUDZA Blessing,2024-11-03 20:17:33,POINT (302145.36743726494 684084.2747934067)
robinet 118,1.211562,6.177452,False,Campus Nord,Tde,,,Crèche,,,limite UL,2024-11-03 20:17:33,AMIDOU faouziatou ,2024-11-03 20:17:33,POINT (302107.88109685155 683152.9554252989)
robinet 119,1.211513,6.17753,False,Campus Nord,Tde,,,Crèche,,,limite UL,2024-11-03 20:17:33,AMIDOU faouziatou,2024-11-03 20:17:33,POINT (302102.56037633854 683161.6367451692)
robinet 120,1.211218,6.177733,False,Campus Nord,Tde,,,Crèche,,,limite UL,2024-11-03 20:17:33,AMIDOU faouziatou,2024-11-03 20:17:33,POINT (302069.9835411078 683184.2343040948)
robinet 121,1.218413,6.170957,True,Campus Sud,Forage,,,Aires sportives 1,,,limite UL,2024-11-03 20:17:33,AWOUSSI Daniel,2024-11-03 20:17:33,POINT (302863.86123201705 682432.0946085595)
robinet 122,1.214467,6.176133,True,Campus Sud,Tde,,,Sciences et Technologies,,,limite UL,2024-11-03 20:17:34,Abel ,2024-11-03 20:17:34,POINT (302428.956920117 683005.9945771415)
robinet 123,1.212563,6.177127,True,Campus Sud,Tde,,,Sciences et Technologies,,,limite UL,2024-11-03 20:17:34,Abel,2024-11-03 20:17:34,POINT (302218.6293850014 683116.7112557124)
robinet 124,1.213152,6.176684,True,Campus Sud,Tde,,,Sciences et Technologies,,,limite UL,2024-11-03 20:17:34,Abel ,2024-11-03 20:17:34,POINT (302283.67565631866 683067.4965421428)
robinet 125,1.210234,6.187775,True,Campus Nord,Tde,,,Zone marchande 1,,,limite UL,2024-11-03 20:17:34,KONDOW Achiraf ,2024-11-03 20:17:34,POINT (301964.8149534355 684295.1190657311)
robinet 126,1.210232,6.187773,True,Campus Nord,Tde,,,Zone marchande 1,,,limite UL,2024-11-03 20:17:34,KONDOW Achiraf ,2024-11-03 20:17:34,POINT (301964.56715644 684294.936690812)
robinet 127,1.21023,6.187771,True,Campus Nord,Tde,,,Zone marchande 1,,,limite UL,2024-11-03 20:17:34,KONDOW Achiraf ,2024-11-03 20:17:34,POINT (301964.3762879457 684294.7109070778)
robinet 128,1.219416,6.169923,True,Campus Sud,Forage,,,Complexe écotouristique,,,limite UL,2024-11-03 20:17:34,Atchou ablavi emmanuella ,2024-11-03 20:17:34,POINT (302974.4844123494 682317.3947553751)
robinet 129,1.219246,6.170001,True,Campus Sud,Forage,,,Complexe écotouristique,,,limite UL,2024-11-03 20:17:34,Atchou ablavi emmanuella ,2024-11-03 20:17:34,POINT (302955.6718065988 682326.1231976852)
robinet 130,1.21915,6.171124,False,Campus Sud,Forage,,,Complexe écotouristique,,,limite UL,2024-11-03 20:17:34,Atchou ablavi emmanuella ,2024-11-03 20:17:34,POINT (302945.5128509522 682450.3380378862)
robinet 131,1.219165,6.171286,True,Campus Sud,Forage,,,Complexe écotouristique,,,limite UL,2024-11-03 20:17:34,Atchou ablavi emmanuella ,2024-11-03 20:17:34,POINT (302947.1758286751 682468.2338985854)
Points eau ,1.212563,6.177127,True,Campus Sud,Tde,,,Sciences et Technologies,,,limite UL,2024-11-03 20:21:13,Abel,2024-11-03 20:21:13,POINT (302218.6293850014 683116.7112557124)
robinet 132,1.218855,6.170926,True,Campus Sud,Forage,,,Complexe écotouristique,,,limite UL,2024-11-03 20:17:34,Atchou ablavi emmanuella ,2024-11-03 20:17:34,POINT (302912.7737755898 682428.5115405543)
robinet 133,1.218631,6.170695,True,Campus Sud,Forage,,,Complexe écotouristique,,,limite UL,2024-11-03 20:17:34,Atchou ablavi emmanuella ,2024-11-03 20:17:34,POINT (302887.87322054 682403.1298191625)
robinet 134,1.210657,6.182418,True,Campus Nord,Tde,,,Sciences de l'Homme et de la Société,,,limite UL,2024-11-03 20:17:34,KOUGBALI,2024-11-03 20:17:34,POINT (302009.5574149003 683702.585268397)
robinet 135,1.209297,6.183532,True,Campus Nord,Tde,,,Sciences de l'Homme et de la Société,,,limite UL,2024-11-03 20:17:34,KOUGBALI ,2024-11-03 20:17:34,POINT (301859.44014868233 683826.2221627355)
robinet 136,1.213444,6.17032,True,Campus Sud,Forage,,,"Sciences Juridiques, Lettres et Arts 1",,,limite UL,2024-11-03 20:17:34,AMEKUDZI ,2024-11-03 20:17:34,POINT (302313.61260080175 682363.5236958867)
robinet 137,1.212891,6.170303,True,Campus Sud,Forage,,,"Sciences Juridiques, Lettres et Arts 1",,,limite UL,2024-11-03 20:17:34,AMEKUDZI ,2024-11-03 20:17:34,POINT (302252.33058169816 682361.8216049598)
robinet 138,1.212763,6.170552,True,Campus Sud,Forage,,,"Sciences Juridiques, Lettres et Arts 1",,,limite UL,2024-11-03 20:17:34,AMEKUDZI ,2024-11-03 20:17:34,POINT (302238.34454083105 682389.3914655467)
robinet 139,1.212163,6.170713,True,Campus Sud,Forage,,,"Sciences Juridiques, Lettres et Arts 1",,,limite UL,2024-11-03 20:17:34,AMEKUDZI ,2024-11-03 20:17:34,POINT (302171.9830847067 682407.5045928244)
robinet 140,1.212272,6.170502,True,Campus Sud,Forage,,,"Sciences Juridiques, Lettres et Arts 1",,,limite UL,2024-11-03 20:17:34,AMEKUDZI ,2024-11-03 20:17:34,POINT (302183.9244869927 682384.1032221658)
robinet 141,1.213383,6.171271,True,Campus Sud,Forage,,,"Sciences Juridiques, Lettres et Arts 1",,,limite UL,2024-11-03 20:17:34,AMEKUDZI ,2024-11-03 20:17:34,POINT (302307.2120340814 682468.7363854599)
robinet 142,1.212218,6.171874,True,Campus Sud,Forage,,,"Sciences Juridiques, Lettres et Arts 1",,,limite UL,2024-11-03 20:17:34,AMEKUDZI ,2024-11-03 20:17:34,POINT (302178.45722278394 682535.879314721)
robinet 143,1.212207,6.171968,True,Campus Sud,Forage,,,"Sciences Juridiques, Lettres et Arts 1",,,limite UL,2024-11-03 20:17:34,AMEKUDZI ,2024-11-03 20:17:34,POINT (302177.32757238345 682546.2472672447)
robinet 144,1.214221,6.1728,True,Campus Sud,Forage,,,"Sciences Juridiques, Lettres et Arts 1",,,limite UL,2024-11-03 20:17:34,AMEKUDZI ,2024-11-03 20:17:34,POINT (302400.45772348763 682637.5396737291)
robinet 145,1.214221,6.1728,True,Campus Sud,Forage,,,"Sciences Juridiques, Lettres et Arts 1",,,limite UL,2024-11-03 20:17:34,AMEKUDZI ,2024-11-03 20:17:34,POINT (302400.45772348763 682637.5396737291)
robinet 146,1.209634,6.179014,True,Campus Sud,Forage,,,Aires forestières 3,,,limite UL,2024-11-03 20:17:34,EHO kodzo Emmanuel ,2024-11-03 20:17:34,POINT (301895.0795412693 683326.4252015052)
robinet 147,1.20955,6.179376,True,Campus Sud,Forage,,,Aires forestières 3,,,limite UL,2024-11-03 20:17:34,EHO kodzo Emmanuel ,2024-11-03 20:17:34,POINT (301885.97645478905 683366.5075202659)
robinet 148,1.209544,6.179735,True,Campus Sud,Forage,,,Aires forestières 3,,,limite UL,2024-11-03 20:17:34,EHO kodzo Emmanuel ,2024-11-03 20:17:34,POINT (301885.44285126706 683406.2823022516)
robinet 149,1.209566,6.18005,True,Campus Sud,Forage,,,Aires forestières 3,,,limite UL,2024-11-03 20:17:35,EHO kodzo Emmanuel ,2024-11-03 20:17:35,POINT (301887.9210110492 683441.1121000082)
robinet 150,1.209276,6.180416,True,Campus Sud,Forage,,,Aires forestières 3,,,limite UL,2024-11-03 20:17:35,EHO kodzo Emmanuel ,2024-11-03 20:17:35,POINT (301856.0012272012 683481.5996965653)
robinet 151,1.209289,6.180287,True,Campus Sud,Forage,,,Aires forestières 3,,,limite UL,2024-11-03 20:17:35,EHO kodzo Emmanuel ,2024-11-03 20:17:35,POINT (301857.36348747474 683467.3711953488)
robinet 152,1.209271,6.180338,True,Campus Sud,Forage,,,Aires forestières 3,,,limite UL,2024-11-03 20:17:35,EHO kodzo Emmanuel ,2024-11-03 20:17:35,POINT (301855.43880180095 683473.0092869871)
robinet 153,1.209232,6.180327,True,Campus Sud,Forage,,,Aires forestières 3,,,limite UL,2024-11-03 20:17:35,EHO kodzo Emmanuel ,2024-11-03 20:17:35,POINT (301851.0981499185 683471.8394003676)
robinet 154,1.209123,6.180474,True,Campus Sud,Forage,,,Aires forestières 3,,,limite UL,2024-11-03 20:17:35,EHO kodzo Emmanuel ,2024-11-03 20:17:35,POINT (301839.0982245412 683488.1751972196)
robinet 155,1.209123,6.180323,True,Campus Sud,Forage,,,Aires forestières 3,,,limite UL,2024-11-03 20:17:35,EHO kodzo Emmanuel ,2024-11-03 20:17:35,POINT (301839.0583849151 683471.4076763857)
robinet 156,1.209577,6.180531,True,Campus Sud,Forage,,,Aires forestières 3,,,limite UL,2024-11-03 20:17:35,EHO kodzo Emmanuel ,2024-11-03 20:17:35,POINT (301889.3164390221 683494.2958387759)
robinet 157,1.209096,6.181997,True,Campus Sud,Forage,,,Grandes aires de stationnement 1,,,limite UL,2024-11-03 20:17:35,EHO kodzo Emmanuel ,2024-11-03 20:17:35,POINT (301836.65906210424 683656.6175564703)
robinet 158,1.212373,6.175242,False,Campus Sud,Tde,,,Sciences et Technologies,,,limite UL,2024-11-03 20:17:35,Abel ,2024-11-03 20:17:35,POINT (302196.9136194958 682908.2659311491)
robinet 159,1.212418,6.175381,False,Campus Sud,Tde,,,Sciences et Technologies,,,limite UL,2024-11-03 20:17:35,Abel ,2024-11-03 20:17:35,POINT (302201.94400747033 682923.650790556)
robinet 160,1.211892,6.17564,True,Campus Sud,Tde,,,Sciences et Technologies,,,limite UL,2024-11-03 20:17:35,Abel ,2024-11-03 20:17:35,POINT (302143.7837243734 682952.508423875)
robinet 161,1.211894,6.175157,True,Campus Sud,Tde,,,Sciences et Technologies,,,limite UL,2024-11-03 20:17:35,Abel ,2024-11-03 20:17:35,POINT (302143.795824314 682899.0910899835)
robinet 162,1.212526,6.174894,True,Campus Sud,Tde,,,Sciences et Technologies,,,limite UL,2024-11-03 20:17:35,Abel ,2024-11-03 20:17:35,POINT (302213.6905811483 682869.6908644121)
robinet 163,1.21246,6.174835,False,Campus Sud,Tde,,,Sciences et Technologies,,,limite UL,2024-11-03 20:17:35,Abel ,2024-11-03 20:17:35,POINT (302206.3168713508 682863.1903902742)
robinet 164,1.212472,6.174864,False,Campus Sud,Tde,,,Sciences et Technologies,,,limite UL,2024-11-03 20:17:35,Abel ,2024-11-03 20:17:35,POINT (302207.6393041528 682866.4021135895)
robinet 165,1.212457,6.174877,True,Campus Sud,Tde,,,Sciences et Technologies,,,limite UL,2024-11-03 20:17:35,Abel ,2024-11-03 20:17:35,POINT (302205.9752472103 682867.9261973588)
robinet 166,1.212489,6.174846,False,Campus Sud,Tde,,,Sciences et Technologies,,,limite UL,2024-11-03 20:17:35,Abel ,2024-11-03 20:17:35,POINT (302209.5685938182 682864.4236915923)
robinet 167,1.212779,6.174871,True,Campus Sud,Tde,,,Sciences et Technologies,,,limite UL,2024-11-03 20:17:35,Abel ,2024-11-03 20:17:35,POINT (302241.7003399856 682867.1118378689)
robinet 168,1.209639,6.183578,True,Campus Nord,Tde,,,Sciences de l'Homme et de la Société,,,limite UL,2024-11-03 20:17:35,SOTOWOU Honorine ,2024-11-03 20:17:35,POINT (301897.36838302977 683831.1867162089)
robinet 169,1.208596,6.183844,True,Campus Nord,Forage,,,Sciences de l'Homme et de la Société,,,limite UL,2024-11-03 20:17:35,SOTOWOU Honorine ,2024-11-03 20:17:35,POINT (301782.05727302074 683860.975164717)
robinet 170,1.212309,6.169911,True,Campus Sud,Tde,,,Zone de Coopération,,,limite UL,2024-11-03 20:17:35,NUTSUDZA Blessing ,2024-11-03 20:17:35,POINT (302187.84807729855 682318.6683023082)
robinet 171,1.212628,6.170012,True,Campus Sud,Tde,,,Zone de Coopération,,,limite UL,2024-11-03 20:17:35,NUTSUDZA Blessing ,2024-11-03 20:17:35,POINT (302223.1638290065 682329.7250941859)
robinet 172,1.212625,6.170013,True,Campus Sud,Tde,,,Zone de Coopération,,,limite UL,2024-11-03 20:17:35,NUTSUDZA Blessing ,2024-11-03 20:17:35,POINT (302222.8024754369 682329.8790499881)
robinet 173,1.212706,6.169889,True,Campus Sud,Tde,,,Zone de Coopération,,,limite UL,2024-11-03 20:17:36,NUTSUDZA Blessing ,2024-11-03 20:17:36,POINT (302231.68672646926 682316.0779123452)
robinet 174,1.210733,6.185041,True,Campus Nord,Tde,,,Sciences Economiques et de Gestion,,,limite UL,2024-11-03 20:17:36,AZOTI Croix ,2024-11-03 20:17:36,POINT (302018.9489864157 683992.6238655011)
robinet 175,1.211225,6.175575,True,Campus Sud,Tde,,,Sciences Agronomiques,,,limite UL,2024-11-03 20:17:36,AZOTI Croix ,2024-11-03 20:17:36,POINT (302069.9193573989 682945.5290134568)
robinet 176,1.210965,6.175785,True,Campus Sud,Tde,,,Sciences Agronomiques,,,limite UL,2024-11-03 20:17:36,AZOTI Croix ,2024-11-03 20:17:36,POINT (302041.2188915111 682968.8508462319)
robinet 177,1.210778,6.175862,True,Campus Sud,Tde,,,Sciences Agronomiques,,,limite UL,2024-11-03 20:17:36,AZOTI Croix ,2024-11-03 20:17:36,POINT (302020.58590007876 682977.3992976602)
robinet 178,1.21078,6.175668,True,Campus Sud,Tde,,,Sciences Agronomiques,,,limite UL,2024-11-03 20:17:36,AZOTI Croix ,2024-11-03 20:17:36,POINT (302020.6985224787 682956.0167998554)
robinet 179,1.210805,6.175588,True,Campus Sud,Tde,,,Sciences Agronomiques,,,limite UL,2024-11-03 20:17:36,AZOTI Croix ,2024-11-03 20:17:36,POINT (302023.4359544192 682947.1598274055)
robinet 180,1.21078,6.17532,True,Campus Sud,Tde,,,Sciences Agronomiques,,,limite UL,2024-11-03 20:17:36,AZOTI Croix ,2024-11-03 20:17:36,POINT (302020.56906500214 682917.4925547772)
robinet 181,1.21062,6.175318,True,Campus Sud,Tde,,,Sciences Agronomiques,,,limite UL,2024-11-03 20:17:36,AZOTI Croix ,2024-11-03 20:17:36,POINT (302002.85858329374 682917.3677417204)
robinet 182,1.210398,6.175272,True,Campus Sud,Tde,,,Sciences Agronomiques,,,limite UL,2024-11-03 20:17:36,AZOTI Croix ,2024-11-03 20:17:36,POINT (301978.3056956378 682912.2890575834)
robinet 183,1.210455,6.175477,True,Campus Sud,Tde,,,Sciences Agronomiques,,,limite UL,2024-11-03 20:17:36,AZOTI Croix ,2024-11-03 20:17:36,POINT (301984.6541402887 682934.940144057)
robinet 184,1.21039,6.175535,True,Campus Sud,Tde,,,Sciences Agronomiques,,,limite UL,2024-11-03 20:17:36,AZOTI Croix ,2024-11-03 20:17:36,POINT (301977.48119405075 682941.415755725)
robinet 185,1.210487,6.175767,True,Campus Sud,Tde,,,Sciences Agronomiques,,,limite UL,2024-11-03 20:17:36,AZOTI Croix ,2024-11-03 20:17:36,POINT (301988.26701450284 682967.0011851998)
robinet 186,1.210417,6.175177,True,Campus Sud,Tde,,,Sciences Agronomiques,,,limite UL,2024-11-03 20:17:36,AZOTI Croix ,2024-11-03 20:17:36,POINT (301980.2996389632 682901.7756230204)
robinet 187,1.210455,6.174975,True,Campus Sud,Tde,,,Sciences Agronomiques,,,limite UL,2024-11-03 20:17:36,AZOTI Croix ,2024-11-03 20:17:36,POINT (301984.4676708976 682879.4578489182)
robinet 188,1.210222,6.17457,True,Campus Sud,Tde,,,Sciences Agronomiques,,,limite UL,2024-11-03 20:17:36,AZOTI Croix ,2024-11-03 20:17:36,POINT (301958.4902196237 682834.7532927541)
robinet 189,1.215415,6.176168,True,Campus Sud,Tde,,,Sciences et Technologies,,,limite UL,2024-11-03 20:17:36,Abel,2024-11-03 20:17:36,POINT (302533.90778506396 683009.5062011044)
robinet 190,1.215085,6.176534,True,Campus Sud,Tde,,,Sciences et Technologies,,,limite UL,2024-11-03 20:17:36,Abel,2024-11-03 20:17:36,POINT (302497.4730530347 683050.1879176922)
robinet 191,1.214301,6.17581,False,Campus Sud,Tde,,,Sciences et Technologies,,,limite UL,2024-11-03 20:17:36,Abel,2024-11-03 20:17:36,POINT (302410.4410377161 682970.3301757581)
robinet 192,1.210363,6.176415,True,Campus Sud,Tde,,,Sciences Agronomiques,,,limite UL,2024-11-03 20:17:36,AZOTI Croix ,2024-11-03 20:17:36,POINT (301974.8567031526 683038.7501087212)
robinet 193,1.21045,6.176182,True,Campus Sud,Tde,,,Sciences Agronomiques,,,limite UL,2024-11-03 20:17:36,AZOTI Croix ,2024-11-03 20:17:36,POINT (301984.3627817719 683012.9121416514)
robinet 194,1.209867,6.175947,True,Campus Sud,Tde,,,Sciences Agronomiques,,,limite UL,2024-11-03 20:17:36,AZOTI Croix ,2024-11-03 20:17:36,POINT (301919.7082714203 682987.1391593515)
robinet 195,1.209868,6.175782,True,Campus Sud,Tde,,,Sciences Agronomiques,,,limite UL,2024-11-03 20:17:36,AZOTI Croix ,2024-11-03 20:17:36,POINT (301919.8313920958 682968.8902033023)
robinet 196,1.209822,6.176168,True,Campus Sud,Tde,,,Sciences Agronomiques,,,limite UL,2024-11-03 20:17:36,AZOTI Croix ,2024-11-03 20:17:36,POINT (301914.8098099603 683011.6713489658)
robinet 197,1.210075,6.176198,True,Campus Sud,Tde,,,Sciences Agronomiques,,,limite UL,2024-11-03 20:17:37,AZOTI Croix ,2024-11-03 20:17:37,POINT (301942.86154687736 683014.8949457736)
robinet 198,1.210773,6.176115,True,Campus Sud,Tde,,,Sciences Agronomiques,,,limite UL,2024-11-03 20:17:37,AZOTI Croix ,2024-11-03 20:17:37,POINT (302020.12662621913 683005.4187908911)
robinet 199,1.210787,6.176388,True,Campus Sud,Tde,,,Sciences Agronomiques,,,limite UL,2024-11-03 20:17:37,AZOTI Croix ,2024-11-03 20:17:37,POINT (302021.704041698 683035.6433828553)
robinet 200,1.210778,6.176603,True,Campus Sud,Tde,,,Sciences Agronomiques,,,limite UL,2024-11-03 20:17:37,AZOTI Croix ,2024-11-03 20:17:37,POINT (302020.861572295 683059.4246062879)
robinet 201,1.210772,6.176788,True,Campus Sud,Tde,,,Sciences Agronomiques,,,limite UL,2024-11-03 20:17:37,AZOTI Croix ,2024-11-03 20:17:37,POINT (302020.1924317557 683079.8873323365)
robinet 202,1.210988,6.176403,True,Campus Sud,Tde,,,Sciences Agronomiques,,,limite UL,2024-11-03 20:17:37,AZOTI Croix ,2024-11-03 20:17:37,POINT (302044.03137506434 683037.2273048086)
robinet 203,1.21101,6.176128,True,Campus Sud,Tde,,,Sciences Agronomiques,,,limite UL,2024-11-03 20:17:37,AZOTI Croix ,2024-11-03 20:17:37,POINT (302046.3273774757 683006.8053709114)
robinet 204,1.209845,6.175142,True,Campus Sud,Tde,,,Sciences Agronomiques,,,limite UL,2024-11-03 20:17:37,AZOTI Croix ,2024-11-03 20:17:37,POINT (301917.01072678703 682898.1174635878)
robinet 205,1.212005,6.172964,True,Campus Sud,Forage,,,"Sciences Juridiques, Lettres et Arts 1",,,limite UL,2024-11-03 20:17:37,AMEKUDZI ,2024-11-03 20:17:37,POINT (302155.24591809104 682656.4365828508)
robinet 206,1.21384,6.171765,True,Campus Sud,Forage,,,"Sciences Juridiques, Lettres et Arts 1",,,limite UL,2024-11-03 20:17:37,AMEKUDZI ,2024-11-03 20:17:37,POINT (302357.9514840649 682523.1923191728)
robinet 207,1.21148,6.171703,True,Campus Sud,Tde,,,"Sciences Juridiques, Lettres et Arts 1",,,limite UL,2024-11-03 20:17:37,AMIDOU faouziatou,2024-11-03 20:17:37,POINT (302096.7065231162 682517.243849548)
robinet 208,1.210343,6.171563,True,Campus Sud,Tde,,,"Sciences Juridiques, Lettres et Arts 1",,,limite UL,2024-11-03 20:17:37,AMIDOU faouziatou,2024-11-03 20:17:37,POINT (301970.8398582026 682502.182919195)
robinet 209,1.217008,6.168982,True,Campus Sud,Tde,,,Zone résidentielles 2,,,limite UL,2024-11-03 20:17:37,ADIKA Afi Cathérine ,2024-11-03 20:17:37,POINT (302707.6150184901 682214.1886274848)
robinet 210,1.216915,6.16876,True,Campus Sud,Tde,,,Zone résidentielles 2,,,limite UL,2024-11-03 20:17:37,ADIKA Afi Cathérine ,2024-11-03 20:17:37,POINT (302697.2021657538 682189.7078443519)
robinet 211,1.217512,6.169033,True,Campus Sud,Tde,,,Zone résidentielles 2,,,limite UL,2024-11-03 20:17:37,ADIKA Afi Cathérine ,2024-11-03 20:17:37,POINT (302763.34687072714 682219.7163845985)
robinet 212,1.21751,6.169007,True,Campus Sud,Tde,,,Zone résidentielles 2,,,limite UL,2024-11-03 20:17:37,ADIKA Afi Cathérine ,2024-11-03 20:17:37,POINT (302763.15252851986 682216.7677883126)
robinet 213,1.217638,6.168715,True,Campus Sud,Tde,,,Zone résidentielles 2,,,limite UL,2024-11-03 20:17:37,ADIKA Afi Cathérine ,2024-11-03 20:17:37,POINT (302777.24956441426 682184.4632677017)
robinet 214,1.216438,6.168972,True,Campus Sud,Tde,,,Zone résidentielles 2,,,limite UL,2024-11-03 20:17:37,ADIKA Afi Cathérine ,2024-11-03 20:17:37,POINT (302644.51938556205 682213.2937603021)
robinet 215,1.215273,6.168162,True,Campus Sud,Tde,,,Zone résidentielles 2,,,limite UL,2024-11-03 20:17:37,ADIKA Afi Cathérine ,2024-11-03 20:17:37,POINT (302515.2683268547 682124.1429471609)
robinet 216,1.21518,6.168397,True,Campus Sud,Tde,,,Zone résidentielles 2,,,limite UL,2024-11-03 20:17:37,ADIKA Afi Cathérine ,2024-11-03 20:17:37,POINT (302505.02448079933 682150.167509231)
robinet 217,1.214357,6.169407,True,Campus Sud,Tde,,,Zone résidentielles 2,,,limite UL,2024-11-03 20:17:37,ADIKA Afi Cathérine ,2024-11-03 20:17:37,POINT (302414.26570933004 682262.1743601961)
robinet 218,1.214132,6.169445,True,Campus Sud,Tde,,,Zone résidentielles 2,,,limite UL,2024-11-03 20:17:38,ADIKA Afi Cathérine ,2024-11-03 20:17:38,POINT (302389.37519200495 682266.4973079986)
robinet 219,1.21411,6.169515,True,Campus Sud,Tde,,,Zone résidentielles 2,,,limite UL,2024-11-03 20:17:38,ADIKA Afi Cathérine ,2024-11-03 20:17:38,POINT (302387.00290110125 682274.2470430878)
Points eau ,1.213152,6.176684,True,Campus Sud,Tde,,,Sciences et Technologies,,,limite UL,2024-11-03 20:21:13,Abel ,2024-11-03 20:21:13,POINT (302283.67565631866 683067.4965421428)
robinet 220,1.214082,6.170028,True,Campus Sud,Forage,,,Zone résidentielles 2,,,limite UL,2024-11-03 20:17:38,Saguintaah ,2024-11-03 20:17:38,POINT (302384.1268942549 682330.9671066357)
robinet 221,1.214201,6.169932,True,Campus Sud,Forage,,,Zone résidentielles 2,,,limite UL,2024-11-03 20:17:38,Saguintaah ,2024-11-03 20:17:38,POINT (302397.2762316207 682320.3610338323)
robinet 222,1.213985,6.169828,True,Campus Sud,Forage,,,Zone résidentielles 2,,,limite UL,2024-11-03 20:17:38,Saguintaah ,2024-11-03 20:17:38,POINT (302373.2314164083 682308.9450593715)
robinet 223,1.213964,6.169946,True,Campus Sud,Forage,,,Zone résidentielles 2,,,limite UL,2024-11-03 20:17:38,Saguintaah ,2024-11-03 20:17:38,POINT (302371.05579287454 682321.9806715171)
robinet 224,1.213726,6.169945,True,Campus Sud,Forage,,,Zone de Coopération,,,limite UL,2024-11-03 20:17:38,Saguintaah ,2024-11-03 20:17:38,POINT (302344.620775113 682321.9975699477)
robinet 225,1.213762,6.169827,True,Campus Sud,Forage,,,Zone de Coopération,,,limite UL,2024-11-03 20:17:38,Saguintaah ,2024-11-03 20:17:38,POINT (302348.5564424992 682308.8422226197)
robinet 226,1.213671,6.169799,True,Campus Sud,Forage,,,Zone résidentielles 2,,,limite UL,2024-11-03 20:17:38,Saguintaah ,2024-11-03 20:17:38,POINT (302338.570409232 682305.8088578853)
robinet 227,1.213649,6.169914,True,Campus Sud,Forage,,,Zone de Coopération,,,limite UL,2024-11-03 20:17:38,Saguintaah ,2024-11-03 20:17:38,POINT (302336.12303034053 682318.5504050592)
point d'eau 1,1.21541,6.175741,True,Campus Sud,Tde,,,Espace administratif et pédagogique 2,,,limite UL,2024-11-03 20:21:08,ACHIANGBON Ablavi Sarra ,2024-11-03 20:21:08,POINT (302533.18032091507 682962.3213709225)
point d'eau 2,1.214963,6.175563,True,Campus Sud,Tde,,,Espace administratif et pédagogique 2,,,limite UL,2024-11-03 20:21:08,ACHIANGBON Ablavi Sarra ,2024-11-03 20:21:08,POINT (302483.6709794479 682942.8674468199)
point d'eau 3,1.213834,6.17549,True,Campus Sud,Tde,,,Sciences et Technologies,,,limite UL,2024-11-03 20:21:08,Abel ,2024-11-03 20:21:08,POINT (302358.69199239806 682935.1311614142)
point d'eau 4,1.213846,6.17507,True,Campus Sud,Tde,,,Sciences et Technologies,,,limite UL,2024-11-03 20:21:08,Abel,2024-11-03 20:21:08,POINT (302359.8655061969 682888.6731747475)
point d'eau 5,1.214367,6.174339,True,Campus Sud,Tde,,,Espace administratif et pédagogique 2,,,limite UL,2024-11-03 20:21:08,ACHIANGBON Ablavi Sarra ,2024-11-03 20:21:08,POINT (302417.24104925897 682807.6365844541)
point d'eau 6,1.214046,6.173779,True,Campus Sud,Tde,,,Espace administratif et pédagogique 2,,,limite UL,2024-11-03 20:21:08,ACHIANGBON Ablavi Sarra ,2024-11-03 20:21:08,POINT (302381.4899221207 682745.8995887142)
point d'eau 7,1.213811,6.173707,True,Campus Sud,Tde,,,Espace administratif et pédagogique 2,,,limite UL,2024-11-03 20:21:08,ACHIANGBON Ablavi Sarra ,2024-11-03 20:21:08,POINT (302355.44508452766 682737.9940884195)
point d'eau 8,1.213652,6.174068,True,Campus Sud,Tde,,,Espace administratif et pédagogique 2,,,limite UL,2024-11-03 20:21:08,ACHIANGBON Ablavi Sarra ,2024-11-03 20:21:08,POINT (302337.9411251759 682777.9982147097)
point d'eau 9,1.213749,6.174058,True,Campus Sud,Tde,,,Espace administratif et pédagogique 2,,,limite UL,2024-11-03 20:21:08,ACHIANGBON Ablavi Sarra ,2024-11-03 20:21:08,POINT (302348.7478947757 682776.768625689)
point d'eau 10,1.212138,6.173403,True,Campus Sud,Tde,,,Espace administratif et pédagogique 2,,,limite UL,2024-11-03 20:21:08,NOUTCHET,2024-11-03 20:21:08,POINT (302170.1740089946 682704.9455588473)
point d'eau,1.210695,6.171704,True,Campus Sud,Tde,,,"Sciences Juridiques, Lettres et Arts 1",,,limite UL,2024-11-03 20:21:08,AMIDOU faouziatou,2024-11-03 20:21:08,POINT (302009.8568594924 682517.5572226432)
point d'eau ,1.210889,6.171763,True,Campus Sud,Tde,,,"Sciences Juridiques, Lettres et Arts 1",,,limite UL,2024-11-03 20:21:08,AMIDOU faouziatou,2024-11-03 20:21:08,POINT (302031.27139001084 682524.0304444826)
Robinet cfpj,1.211592,6.172944,True,Campus Sud,Forage,,,"Sciences Juridiques, Lettres et Arts 1",,,limite UL,2024-11-03 20:21:08,AMEKUDZI ,2024-11-03 20:21:08,POINT (302109.5277251693 682654.4448127256)
Robinet ,1.212321,6.170731,True,Campus Sud,Forage,,,"Sciences Juridiques, Lettres et Arts 1",,,limite UL,2024-11-03 20:21:08,AMEKUDZI ,2024-11-03 20:21:08,POINT (302189.42942688544 682409.4253038679)
Robinet politank ,1.213881,6.172039,False,Campus Sud,Forage,,,"Sciences Juridiques, Lettres et Arts 1",,,limite UL,2024-11-03 20:21:08,AMEKUDZI ,2024-11-03 20:21:08,POINT (302362.569975283 682553.4391508781)
point d'eau 29,1.214885,6.172281,True,Campus Sud,Forage,,,"Sciences Juridiques, Lettres et Arts 1",,,limite UL,2024-11-03 20:21:08,AMEKUDZI ,2024-11-03 20:21:08,POINT (302473.84044913703 682579.8372842199)
point d'eau 32,1.215493,6.171699,True,Campus Sud,Tde,,,"Sciences Juridiques, Lettres et Arts 1",,,limite UL,2024-11-03 20:21:08,Abel ,2024-11-03 20:21:08,POINT (302540.86845686164 682515.2906817477)
point d'eau 35,1.2144,6.169038,True,Campus Sud,Tde,,,Zone résidentielles 2,,,limite UL,2024-11-03 20:21:08,ADIKA Afi Cathérine ,2024-11-03 20:21:08,POINT (302418.9233806599 682221.3908864569)
point d'eau 36,1.215616,6.168345,True,Campus Sud,Tde,,,Zone résidentielles 2,,,limite UL,2024-11-03 20:21:08,ADIKA Afi Cathérine ,2024-11-03 20:21:08,POINT (302553.3140771645 682144.3336970017)
point d'eau 37,1.216685,6.168779,True,Campus Sud,Tde,,,Zone résidentielles 2,,,limite UL,2024-11-03 20:21:09,ADIKA Afi Cathérine,2024-11-03 20:21:09,POINT (302671.70781851036 682191.878990087)
point d'eau 38,1.216524,6.168821,True,Campus Sud,Tde,,,Zone résidentielles 2,,,limite UL,2024-11-03 20:21:09,ADIKA Afi Cathérine,2024-11-03 20:21:09,POINT (302653.9645602616 682196.5613021138)
point d'eau 39,1.216689,6.168469,True,Campus Sud,Tde,,,Zone résidentielles 2,,,limite UL,2024-11-03 20:21:09,ADIKA Afi Cathérine,2024-11-03 20:21:09,POINT (302672.124490657 682157.6147131935)
point d'eau 42,1.218468,6.171088,True,,Forage,,,Aires sportives 1,,,limite UL,2024-11-03 20:21:09,AWOUSSI Daniel,2024-11-03 20:21:09,POINT (302869.9971140328 682446.568156858)
point d'eau 43,1.218377,6.17209,True,Campus Sud,Forage,,,Aires sportives 1,,,limite UL,2024-11-03 20:21:09,AWOUSSI Daniel,2024-11-03 20:21:09,POINT (302860.2423132277 682557.5016059878)
point d'eau 44,1.217498,6.172596,True,Campus Sud,Forage,,,Aires sportives 1,,,limite UL,2024-11-03 20:21:09,AWOUSSI Daniel,2024-11-03 20:21:09,POINT (302763.10239321203 682613.729889266)
point d'eau 45,1.216208,6.173263,True,Campus Sud,Forage,,,Aires sportives 1,,,limite UL,2024-11-03 20:21:09,AWOUSSI Daniel,2024-11-03 20:21:09,POINT (302620.6175829779 682687.9583427163)
point d'eau 46,1.215775,6.174004,False,Campus Sud,Tde,,,Espace administratif et pédagogique 2,,,limite UL,2024-11-03 20:21:09,ACHIANGBON Ablavi Sarra ,2024-11-03 20:21:09,POINT (302572.9693110268 682770.1078105938)
point d'eau 47,1.213805,6.175636,True,Campus Sud,Tde,,,Sciences et Technologies,,,limite UL,2024-11-03 20:21:09,Abel ,2024-11-03 20:21:09,POINT (302355.54424853105 682951.3618749094)
point d'eau 49,1.214627,6.17387,True,Campus Sud,Tde,,,Espace administratif et pédagogique 2,,,limite UL,2024-11-03 20:21:09,ACHIANGBON Ablavi Sarra ,2024-11-03 20:21:09,POINT (302445.81905348063 682755.6520068311)
point d'eau 50,1.213285,6.173687,True,Campus Sud,Tde,,,Espace administratif et pédagogique 2,,,limite UL,2024-11-03 20:21:09,ACHIANGBON Ablavi Sarra ,2024-11-03 20:21:09,POINT (302297.1810253571 682735.989745969)
point d'eau 51,1.213231,6.173614,True,Campus Sud,Tde,,,Espace administratif et pédagogique 2,,,limite UL,2024-11-03 20:21:09,ACHIANGBON Ablavi Sarra ,2024-11-03 20:21:09,POINT (302291.1801351515 682727.9252361037)
point d'eau ,1.210492,6.172513,True,Campus Sud,Tde,,,Sciences Agronomiques,,,limite UL,2024-11-03 20:21:09,AMIDOU faouziatou,2024-11-03 20:21:09,POINT (301987.66037931293 682607.160184185)
point d'eau 53,1.210869,6.172408,True,Campus Sud,Tde,,,Sciences Agronomiques,,,limite UL,2024-11-03 20:21:09,Sanou Gbati,2024-11-03 20:21:09,POINT (302029.3194497798 682595.4020213174)
point d'eau 54,1.211033,6.172492,True,Campus Sud,Tde,,,Sciences Agronomiques,,,limite UL,2024-11-03 20:21:09,Sanou Gbati,2024-11-03 20:21:09,POINT (302047.46666398854 682604.582572319)
Robinet ,1.211894,6.172737,True,Campus Sud,Forage,,,"Sciences Juridiques, Lettres et Arts 1",,,limite UL,2024-11-03 20:21:09,AMEKUDZI ,2024-11-03 20:21:09,POINT (302142.91035459255 682631.4048571493)
Robinet ,1.211559,6.172728,False,Campus Sud,Forage,,,"Sciences Juridiques, Lettres et Arts 1",,,limite UL,2024-11-03 20:21:09,AMEKUDZI ,2024-11-03 20:21:09,POINT (302105.8278207823 682630.4996894391)
point d'eau 58,1.211433,6.171511,True,Campus Sud,Forage,,,"Sciences Juridiques, Lettres et Arts 1",,,limite UL,2024-11-03 20:21:09,AMIDOU faouziatou,2024-11-03 20:21:09,POINT (302091.41719709674 682495.9558099695)
point d'eau 59,1.211439,6.171643,True,Campus Sud,Tde,,,"Sciences Juridiques, Lettres et Arts 1",,,limite UL,2024-11-03 20:21:09,AMIDOU faouziatou,2024-11-03 20:21:09,POINT (302092.13391784695 682510.6318525659)
point d'eau,1.211419,6.171645,True,Campus Sud,Tde,,,"Sciences Juridiques, Lettres et Arts 1",,,limite UL,2024-11-03 20:21:09,AMIDOU faouziatou,2024-11-03 20:21:09,POINT (302089.95506663504 682510.8128046753)
point d'eau 61,1.212126,6.171474,False,Campus Sud,Forage,,,"Sciences Juridiques, Lettres et Arts 1",,,limite UL,2024-11-03 20:21:10,AMEKUDZI ,2024-11-03 20:21:10,POINT (302168.1652956104 682491.6481495699)
point d'eau 65,1.213015,6.172572,True,Campus Sud,Forage,,,"Sciences Juridiques, Lettres et Arts 1",,,limite UL,2024-11-03 20:21:10,AMEKUDZI ,2024-11-03 20:21:10,POINT (302266.8839452199 682612.7347912589)
point d'eau 71,1.215688,6.171065,True,Campus Sud,Tde,,,"Sciences Juridiques, Lettres et Arts 1",,,limite UL,2024-11-03 20:21:10,Abel,2024-11-03 20:21:10,POINT (302562.226475048 682445.1007417769)
point d'eau 73,1.216027,6.167858,True,Campus Sud,Tde,,,Zone résidentielles 2,,,limite UL,2024-11-03 20:21:10,ADIKA Afi Cathérine ,2024-11-03 20:21:10,POINT (302598.5321046336 682090.2254785285)
point d'eau 76,1.217418,6.169223,True,,,,,Aires sportives 1,,,limite UL,2024-11-03 20:21:10,AWOUSSI Daniel,2024-11-03 20:21:10,POINT (302753.0283691513 682240.7594813457)
point d'eau 78,1.217404,6.169132,True,Campus Sud,Tde,,,Zone résidentielles 2,,,limite UL,2024-11-03 20:21:10,ADIKA Afi Cathérine ,2024-11-03 20:21:10,POINT (302751.46166470816 682230.6937821201)
point d'eau 79,1.218472,6.172242,True,Campus Sud,Forage,,,Grandes aires de stationnement 2,,,limite UL,2024-11-03 20:21:10,ALFA-GANI Cissé Bilal ,2024-11-03 20:21:10,POINT (302870.87648966815 682574.2130182501)
point d'eau 80,1.2174,6.172765,True,Campus Sud,Forage,,,Aires sportives 1,,,limite UL,2024-11-03 20:21:10,AWOUSSI Daniel,2024-11-03 20:21:10,POINT (302752.3641035719 682632.4511447506)
point d'eau 81,1.216221,6.173335,True,Campus Sud,Tde,,,Aires sportives 1,,,limite UL,2024-11-03 20:21:10,AWOUSSI Daniel ,2024-11-03 20:21:10,POINT (302622.08438148967 682695.9451572725)
point d'eau 82,1.215661,6.173636,True,Campus Sud,Tde,,,Espace administratif et pédagogique 2,,,limite UL,2024-11-03 20:21:10,ACHIANGBON Ablavi Sarra ,2024-11-03 20:21:10,POINT (302560.170461755 682729.4676341701)
point d'eau 83,1.215723,6.176134,True,Campus Sud,Tde,,,Sciences et Technologies,,,limite UL,2024-11-03 20:21:10,Abel ,2024-11-03 20:21:10,POINT (302568.0293266643 683005.6326455906)
point d'eau 84,1.215434,6.176113,True,Campus Sud,Tde,,,Sciences et Technologies,,,limite UL,2024-11-03 20:21:10,Abel ,2024-11-03 20:21:10,POINT (302536.0124533838 683003.4915231739)
point d'eau 85,1.21506,6.176482,True,Campus Sud,Tde,,,Sciences et Technologies,,,limite UL,2024-11-03 20:21:10,Abel ,2024-11-03 20:21:10,POINT (302494.7017320324 683044.4424836712)
point d'eau 86,1.215104,6.175882,True,Campus Sud,Tde,,,Espace administratif et pédagogique 2,,,limite UL,2024-11-03 20:21:10,ACHIANGBON Ablavi Sarra ,2024-11-03 20:21:10,POINT (302499.38243899215 682978.0044985401)
point d'eau 87,1.214962,6.175912,True,Campus Sud,Tde,,,Espace administratif et pédagogique 2,,,limite UL,2024-11-03 20:21:10,ACHIANGBON Ablavi Sarra ,2024-11-03 20:21:10,POINT (302483.7251156799 682981.4644827573)
point d'eau 93,1.212559,6.175179,True,Campus Sud,Tde,,,Sciences et Technologies,,,limite UL,2024-11-03 20:21:10,Abel,2024-11-03 20:21:10,POINT (302217.46032626997 682901.261412047)
point d'eau 95,1.211958,6.17587,True,Campus Sud,Tde,,,Sciences et Technologies,,,limite UL,2024-11-03 20:21:10,Abel ,2024-11-03 20:21:10,POINT (302151.1387391635 682977.831471964)
point d'eau 96,1.211968,6.176622,True,Campus Sud,Forage,,,Sciences et Technologies,,,limite UL,2024-11-03 20:21:10,Abel ,2024-11-03 20:21:10,POINT (302152.54408216523 683061.0953079073)
point d'eau 98,1.213116,6.177283,True,Campus Sud,Tde,,,Sciences et Technologies,,,limite UL,2024-11-03 20:21:10,Abel ,2024-11-03 20:21:10,POINT (302279.8904608775 683133.7579759028)
point d'eau 99,1.212574,6.17742,True,Campus Sud,Tde,,,Sciences et Technologies,,,limite UL,2024-11-03 20:21:11,Abel,2024-11-03 20:21:11,POINT (302219.87533167016 683149.1168048705)
point d'eau 100,1.212417,6.178079,True,Campus Nord,Forage,,,Sciences de la Santé,,,limite UL,2024-11-03 20:21:11,AMEKUDZI ,2024-11-03 20:21:11,POINT (302202.79437335697 683222.044369289)
point d'eau 102,1.212767,6.179138,True,Campus Nord,Forage,,,Sciences de la Santé,,,limite UL,2024-11-03 20:21:11,AMEKUDZI ,2024-11-03 20:21:11,POINT (302241.9330626071 683338.9566883247)
point d'eau 106 CHU ,1.212945,6.180089,True,Campus Nord,Forage,,,Sciences de la Santé,,,limite UL,2024-11-03 20:21:11,AMEKUDZI ,2024-11-03 20:21:11,POINT (302261.9830227726 683444.1246591394)
point d'eau 108,1.213659,6.180788,False,Campus Nord,Forage,,,Sciences de la Santé,,,limite UL,2024-11-03 20:21:11,AMEKUDZI ,2024-11-03 20:21:11,POINT (302341.2334543796 683521.213392669)
point d'eau 110,1.214178,6.180777,True,Campus Sud,Tde,,,Zone résidentielles 2,,,limite UL,2024-11-03 20:21:11,GOMADO koffi Eustache ,2024-11-03 20:21:11,POINT (302398.7012731056 683519.7032411583)
point d'eau 111,1.213615,6.182003,True,Campus Sud,Tde,,,Zone résidentielles 2,,,limite UL,2024-11-03 20:21:11,GOMADO koffi Eustache ,2024-11-03 20:21:11,POINT (302336.8706804296 683655.503884649)
point d'eau 112,1.213697,6.181974,True,Campus Sud,Tde,,,Zone résidentielles 2,,,limite UL,2024-11-03 20:21:11,GOMADO koffi Eustache ,2024-11-03 20:21:11,POINT (302345.9505445566 683652.2870895503)
point d'eau 113,1.21392,6.182278,True,Campus Sud,Tde,,,Zone résidentielles 2,,,limite UL,2024-11-03 20:21:11,GOMADO koffi Eustache ,2024-11-03 20:21:11,POINT (302370.7375491257 683685.8806370853)
point d'eau 114,1.213594,6.182227,True,Campus Nord,Forage,,,Espace administratif et pédagogique 1,,,limite UL,2024-11-03 20:21:11,NUTSUDZA Blessing,2024-11-03 20:21:11,POINT (302334.61426108086 683680.3615085664)
point d'eau 115,1.211189,6.182401,True,Campus Nord,Tde,,,Sciences de l'Homme et de la Société,,,limite UL,2024-11-03 20:21:11,KOUGBALI,2024-11-03 20:21:11,POINT (302068.4279309212 683700.4237653824)
point d'eau 116,1.21078,6.182796,True,Campus Nord,Tde,,,Sciences de l'Homme et de la Société,,,limite UL,2024-11-03 20:21:11,KOUGBALI,2024-11-03 20:21:11,POINT (302023.3271167325 683744.3520569153)
point d'eau 117,1.210093,6.184224,True,Campus Nord,Tde,,,Sciences de l'Homme et de la Société,,,limite UL,2024-11-03 20:21:11,SOTOWOU Honorine ,2024-11-03 20:21:11,POINT (301947.8057604688 683902.502552825)
point d'eau 119,1.208721,6.183586,True,Campus Nord,Tde,,,Sciences de l'Homme et de la Société,,,limite UL,2024-11-03 20:21:11,SOTOWOU Honorine ,2024-11-03 20:21:11,POINT (301795.68846205075 683832.4426886257)
point d'eau 120,1.208632,6.18367,True,Campus Nord,Tde,,,Sciences de l'Homme et de la Société,,,limite UL,2024-11-03 20:21:11,SOTOWOU Honorine ,2024-11-03 20:21:11,POINT (301785.9451819439 683841.7712171491)
point d'eau 121,1.207937,6.183768,True,Campus Nord,Tde,,,Sciences de l'Homme et de la Société,,,limite UL,2024-11-03 20:21:11,SOTOWOU Honorine ,2024-11-03 20:21:11,POINT (301709.0458139464 683852.9197503689)
point d'eau 124,1.209439,6.18705,True,Campus Nord,Tde,,,Espace administratif,,,limite UL,2024-11-03 20:21:11,AZONDJAGNI Yao Divin ,2024-11-03 20:21:11,POINT (301876.5260852972 684215.3148305197)
point d'eau 125,1.209716,6.187563,True,Campus Nord,Tde,,,Espace administratif,,,limite UL,2024-11-03 20:21:11,AZONDJAGNI Yao Divin ,2024-11-03 20:21:11,POINT (301907.3975056206 684271.8631778787)
point d'eau 127,1.210855,6.18682,True,Campus Nord,Tde,,,Sciences Economiques et de Gestion,,,limite UL,2024-11-03 20:21:11,AZOTI Croix ,2024-11-03 20:21:11,POINT (302033.1637937488 684189.352148281)
point d'eau 128,1.210911,6.186022,True,Campus Nord,Tde,,,Sciences Economiques et de Gestion,,,limite UL,2024-11-03 20:21:11,AZOTI Croix ,2024-11-03 20:21:11,POINT (302039.0282071036 684100.9862530195)
point d'eau 129,1.210244,6.186531,True,Campus Nord,Tde,,,Sciences Economiques et de Gestion,,,limite UL,2024-11-03 20:21:11,AZOTI Croix ,2024-11-03 20:21:11,POINT (301965.46245438384 684157.6351892267)
point d'eau 130,1.210566,6.185769,True,Campus Nord,Tde,,,Sciences Economiques et de Gestion,,,limite UL,2024-11-03 20:21:11,AZOTI Croix ,2024-11-03 20:21:11,POINT (302000.82019241253 684073.2399445485)
point d'eau 131,1.211016,6.185209,True,Campus Nord,Tde,,,Sciences Economiques et de Gestion,,,limite UL,2024-11-03 20:21:11,AZOTI Croix ,2024-11-03 20:21:11,POINT (302050.3497644403 684011.0580645541)
point d'eau 132,1.211854,6.185718,True,Campus Nord,Tde,,,Espace administratif et pédagogique 1,,,limite UL,2024-11-03 20:21:11,NUTSUDZA Blessing,2024-11-03 20:21:11,POINT (302143.35935088544 684067.0910656607)
point d'eau 133,1.211599,6.185715,True,Campus Nord,Tde,,,Espace administratif et pédagogique 1,,,limite UL,2024-11-03 20:21:12,NUTSUDZA Blessing,2024-11-03 20:21:12,POINT (302115.120356457 684066.8332616389)
point d'eau 134,1.214447,6.17655,True,Campus Sud,Forage,,,Sciences et Technologies,,,limite UL,2024-11-03 20:21:12,Abel,2024-11-03 20:21:12,POINT (302426.9480396252 683052.116187086)
point d'eau 136,1.211658,6.185497,True,Campus Nord,Tde,,,Espace administratif et pédagogique 1,,,limite UL,2024-11-03 20:21:12,NUTSUDZA Blessing,2024-11-03 20:21:12,POINT (302121.528605393 684042.6816143931)
point d'eau 138,1.21229,6.185309,True,Campus Nord,Tde,,,Espace administratif et pédagogique 1,,,limite UL,2024-11-03 20:21:12,NUTSUDZA Blessing,2024-11-03 20:21:12,POINT (302191.4709136819 684021.6220259321)
point d'eau 139,1.211763,6.185275,True,Campus Nord,Tde,,,Espace administratif et pédagogique 1,,,limite UL,2024-11-03 20:21:12,NUTSUDZA Blessing,2024-11-03 20:21:12,POINT (302133.12643649825 684018.0579580063)
point d'eau 140,1.211709,6.185141,True,Campus Nord,Tde,,,Espace administratif et pédagogique 1,,,limite UL,2024-11-03 20:21:12,NUTSUDZA Blessing,2024-11-03 20:21:12,POINT (302127.0022178842 684003.2585410435)
point d'eau 141,1.212034,6.185406,True,Campus Nord,Tde,,,Espace administratif et pédagogique 1,,,limite UL,2024-11-03 20:21:12,NUTSUDZA Blessing,2024-11-03 20:21:12,POINT (302163.1375923157 684032.4850514903)
point d'eau 142,1.212357,6.184544,True,Campus Nord,Forage,,,Espace administratif et pédagogique 1,,,limite UL,2024-11-03 20:21:12,NUTSUDZA Blessing,2024-11-03 20:21:12,POINT (302198.55049682606 683937.0622104958)
Point d'eau ,1.213467,6.175486,True,Campus Sud,Tde,,,Sciences et Technologies,,,limite UL,2024-11-03 20:21:12,Abel ,2024-11-03 20:21:12,POINT (302318.0975563993 682934.8813729255)
Point d'eau ,1.214006,6.175909,True,Campus Sud,Forage,,,Sciences et Technologies,,,limite UL,2024-11-03 20:21:12,Abel ,2024-11-03 20:21:12,POINT (302377.83261906775 682981.4811856251)
Point d'eau ,1.214254,6.175915,True,Campus Sud,Tde,,,Sciences et Technologies,,,limite UL,2024-11-03 20:21:12,Abel ,2024-11-03 20:21:12,POINT (302405.2605807327 682982.0173735034)
Points d'eau 131,1.210775,6.186713,False,Campus Nord,Tde,,,Sciences Economiques et de Gestion,,,limite UL,2024-11-03 20:21:12,AZOTI Croix ,2024-11-03 20:21:12,POINT (302024.2537288494 684177.5508225315)
Pas de bon,1.213989,6.179573,True,Campus Sud,Tde,,,Zone marchande 2,,,limite UL,2024-11-03 20:21:12,,2024-11-03 20:21:12,POINT (302377.2984568433 683386.6848827869)
Lavabo ,1.212303,6.17813,True,Campus Nord,Forage,,,Sciences de la Santé,,,limite UL,2024-11-03 20:21:12,AMEKUDZI,2024-11-03 20:21:12,POINT (302190.1836299723 683227.6678981918)
Lavabo ,1.212694,6.179214,True,Campus Nord,Forage,,,Sciences de la Santé,,,limite UL,2024-11-03 20:21:12,AMEKUDZI,2024-11-03 20:21:12,POINT (302233.8605457023 683347.3913906951)
Robinet ,1.212503,6.178966,True,Campus Nord,Forage,,,Sciences de la Santé,,,limite UL,2024-11-03 20:21:12,AMEKUDZI,2024-11-03 20:21:12,POINT (302212.6787876988 683320.06410512)
Robinet CHU ,1.211562,6.178622,True,Campus Nord,Forage,,,Sciences de la Santé,,,limite UL,2024-11-03 20:21:12,AMEKUDZI ,2024-11-03 20:21:12,POINT (302108.3555017822 683282.429265539)
Robinet CHU ,1.212449,6.179588,True,Campus Nord,Forage,,,Sciences de la Santé,,,limite UL,2024-11-03 20:21:12,AMEKUDZI ,2024-11-03 20:21:12,POINT (302206.92782577296 683388.8960429255)
Robinet CHU ,1.212449,6.179588,True,Campus Nord,Forage,,,Sciences de la Santé,,,limite UL,2024-11-03 20:21:12,AMEKUDZI ,2024-11-03 20:21:12,POINT (302206.92782577296 683388.8960429255)
Robinet CHU ,1.212476,6.179461,True,Campus Nord,Forage,,,Sciences de la Santé,,,limite UL,2024-11-03 20:21:12,AMEKUDZI ,2024-11-03 20:21:12,POINT (302209.8393177078 683374.8552524999)
Lavabo CHU ,1.212563,6.179411,False,Campus Nord,Forage,,,Sciences de la Santé,,,limite UL,2024-11-03 20:21:12,AMEKUDZI ,2024-11-03 20:21:12,POINT (302219.39181322156 683369.3175298083)
Robinet CHU ,1.21214,6.180139,True,Campus Nord,Forage,,,Sciences de la Santé,,,limite UL,2024-11-03 20:21:12,AMEKUDZI ,2024-11-03 20:21:12,POINT (302172.9382734631 683449.9888381587)
Lavabo CHU ,1.212284,6.179959,True,Campus Nord,Forage,,,Sciences de la Santé,,,limite UL,2024-11-03 20:21:12,AMEKUDZI 3e,2024-11-03 20:21:12,POINT (302188.71150958166 683429.9707380168)
Lavabo CHU ,1.212809,6.180253,False,Campus Nord,Forage,,,Sciences de la Santé,,,limite UL,2024-11-03 20:21:12,AMEKUDZI ,2024-11-03 20:21:12,POINT (302246.99252045905 683462.2889306046)
Robinet ,1.212374,6.180743,True,Campus Nord,Forage,,,Sciences de la Santé,,,limite UL,2024-11-03 20:21:12,AMEKUDZI ,2024-11-03 20:21:12,POINT (302199.0685610329 683516.6994677155)
Point d'eau 122,1.208317,6.184763,True,Campus Nord,Forage,,,Zone résidentielles 1,,,limite UL,2024-11-03 20:21:13,DAYOU Koffi,2024-11-03 20:21:13,POINT (301751.44466023013 683962.8220773693)
Point d'eau ,1.208441,6.184734,True,Campus Nord,Forage,,,Zone résidentielles 1,,,limite UL,2024-11-03 20:21:13,DAYOU Koffi ,2024-11-03 20:21:13,POINT (301765.15018849925 683959.5308840651)
Point d'eau ,1.208428,6.184702,True,Campus Nord,Forage,,,Zone résidentielles 1,,,limite UL,2024-11-03 20:21:13,DAYOU Koffi ,2024-11-03 20:21:13,POINT (301763.6834247691 683955.9451588601)
Point d'eau ,1.208398,6.1847,True,Campus Nord,Forage,,,Zone résidentielles 1,,,limite UL,2024-11-03 20:21:13,DAYOU Koffi ,2024-11-03 20:21:13,POINT (301760.40282272577 683955.8192527174)
Point d'eau ,1.208341,6.184742,True,Campus Nord,Forage,,,Zone résidentielles 1,,,limite UL,2024-11-03 20:21:13,DAYOU Koffi ,2024-11-03 20:21:13,POINT (301754.06791329547 683960.4222694495)
Point d'eau ,1.208408,6.184768,True,Campus Nord,Forage,,,Zone résidentielles 1,,,limite UL,2024-11-03 20:21:13,DAYOU Koffi ,2024-11-03 20:21:13,POINT (301761.50739803613 683963.3195228787)
Point d'eau ,1.208415,6.184776,True,Campus Nord,Forage,,,Zone résidentielles 1,,,limite UL,2024-11-03 20:21:13,DAYOU Koffi ,2024-11-03 20:21:13,POINT (301762.35149346176 683964.2106870243)
Point d'eau ,1.208606,6.184505,True,Campus Nord,Forage,,,Zone résidentielles 1,,,limite UL,2024-11-03 20:21:13,DAYOU Koffi ,2024-11-03 20:21:13,POINT (301783.3565839342 683934.1700983691)
Point d'eau ,1.208394,6.1844,False,Campus Nord,Forage,,,Zone résidentielles 1,,,limite UL,2024-11-03 20:21:13,DAYOU Koffi ,2024-11-03 20:21:13,POINT (301759.8509709417 683922.5992899712)
Point d'eau ,1.209433,6.18721,True,Campus Nord,Tde,,,Espace administratif,,,limite UL,2024-11-03 20:21:13,AZONDJAGNI Yao Divin ,2024-11-03 20:21:13,POINT (301875.9373566173 684232.9803084997)
Point eau,1.211872,6.185874,True,Campus Nord,Tde,,,Espace administratif et pédagogique 1,,,limite UL,2024-11-03 20:21:13,NUTSUDZA Blessing,2024-11-03 20:21:13,POINT (302145.36743726494 684084.2747934067)
P1,1.211562,6.177452,False,Campus Nord,Tde,,,Crèche,,,limite UL,2024-11-03 20:21:13,AMIDOU faouziatou ,2024-11-03 20:21:13,POINT (302107.88109685155 683152.9554252989)
P2,1.211513,6.17753,False,Campus Nord,Tde,,,Crèche,,,limite UL,2024-11-03 20:21:13,AMIDOU faouziatou,2024-11-03 20:21:13,POINT (302102.56037633854 683161.6367451692)
P3 ,1.211218,6.177733,False,Campus Nord,Tde,,,Crèche,,,limite UL,2024-11-03 20:21:13,AMIDOU faouziatou,2024-11-03 20:21:13,POINT (302069.9835411078 683184.2343040948)
Pointeau,1.218413,6.170957,True,Campus Sud,Forage,,,Aires sportives 1,,,limite UL,2024-11-03 20:21:13,AWOUSSI Daniel,2024-11-03 20:21:13,POINT (302863.86123201705 682432.0946085595)
Point d'eau ,1.214467,6.176133,True,Campus Sud,Tde,,,Sciences et Technologies,,,limite UL,2024-11-03 20:21:13,Abel ,2024-11-03 20:21:13,POINT (302428.956920117 683005.9945771415)
Robinet ,1.210234,6.187775,True,Campus Nord,Tde,,,Zone marchande 1,,,limite UL,2024-11-03 20:21:13,KONDOW Achiraf ,2024-11-03 20:21:13,POINT (301964.8149534355 684295.1190657311)
Robinet ,1.210232,6.187773,True,Campus Nord,Tde,,,Zone marchande 1,,,limite UL,2024-11-03 20:21:13,KONDOW Achiraf ,2024-11-03 20:21:13,POINT (301964.56715644 684294.936690812)
Robinet ,1.21023,6.187771,True,Campus Nord,Tde,,,Zone marchande 1,,,limite UL,2024-11-03 20:21:13,KONDOW Achiraf ,2024-11-03 20:21:13,POINT (301964.3762879457 684294.7109070778)
Point d'eau ,1.219416,6.169923,True,Campus Sud,Forage,,,Complexe écotouristique,,,limite UL,2024-11-03 20:21:13,Atchou ablavi emmanuella ,2024-11-03 20:21:13,POINT (302974.4844123494 682317.3947553751)
Point d'eau ,1.219246,6.170001,True,Campus Sud,Forage,,,Complexe écotouristique,,,limite UL,2024-11-03 20:21:13,Atchou ablavi emmanuella ,2024-11-03 20:21:13,POINT (302955.6718065988 682326.1231976852)
Point d'eau ,1.21915,6.171124,False,Campus Sud,Forage,,,Complexe écotouristique,,,limite UL,2024-11-03 20:21:13,Atchou ablavi emmanuella ,2024-11-03 20:21:13,POINT (302945.5128509522 682450.3380378862)
Point d'eau ,1.219165,6.171286,True,Campus Sud,Forage,,,Complexe écotouristique,,,limite UL,2024-11-03 20:21:13,Atchou ablavi emmanuella ,2024-11-03 20:21:13,POINT (302947.1758286751 682468.2338985854)
Point d'eau ,1.218855,6.170926,True,Campus Sud,Forage,,,Complexe écotouristique,,,limite UL,2024-11-03 20:21:13,Atchou ablavi emmanuella ,2024-11-03 20:21:13,POINT (302912.7737755898 682428.5115405543)
Point d'eau ,1.218631,6.170695,True,Campus Sud,Forage,,,Complexe écotouristique,,,limite UL,2024-11-03 20:21:13,Atchou ablavi emmanuella ,2024-11-03 20:21:13,POINT (302887.87322054 682403.1298191625)
Point d'eau ,1.210657,6.182418,True,Campus Nord,Tde,,,Sciences de l'Homme et de la Société,,,limite UL,2024-11-03 20:21:13,KOUGBALI,2024-11-03 20:21:13,POINT (302009.5574149003 683702.585268397)
Point d'eau ,1.209297,6.183532,True,Campus Nord,Tde,,,Sciences de l'Homme et de la Société,,,limite UL,2024-11-03 20:21:13,KOUGBALI ,2024-11-03 20:21:13,POINT (301859.44014868233 683826.2221627355)
Robinet ,1.213444,6.17032,True,Campus Sud,Forage,,,"Sciences Juridiques, Lettres et Arts 1",,,limite UL,2024-11-03 20:21:13,AMEKUDZI ,2024-11-03 20:21:13,POINT (302313.61260080175 682363.5236958867)
Robinet ,1.212891,6.170303,True,Campus Sud,Forage,,,"Sciences Juridiques, Lettres et Arts 1",,,limite UL,2024-11-03 20:21:14,AMEKUDZI ,2024-11-03 20:21:14,POINT (302252.33058169816 682361.8216049598)
Robinet ,1.212763,6.170552,True,Campus Sud,Forage,,,"Sciences Juridiques, Lettres et Arts 1",,,limite UL,2024-11-03 20:21:14,AMEKUDZI ,2024-11-03 20:21:14,POINT (302238.34454083105 682389.3914655467)
Robinet ,1.212163,6.170713,True,Campus Sud,Forage,,,"Sciences Juridiques, Lettres et Arts 1",,,limite UL,2024-11-03 20:21:14,AMEKUDZI ,2024-11-03 20:21:14,POINT (302171.9830847067 682407.5045928244)
Robinet ,1.212272,6.170502,True,Campus Sud,Forage,,,"Sciences Juridiques, Lettres et Arts 1",,,limite UL,2024-11-03 20:21:14,AMEKUDZI ,2024-11-03 20:21:14,POINT (302183.9244869927 682384.1032221658)
Robinet ,1.213383,6.171271,True,Campus Sud,Forage,,,"Sciences Juridiques, Lettres et Arts 1",,,limite UL,2024-11-03 20:21:14,AMEKUDZI ,2024-11-03 20:21:14,POINT (302307.2120340814 682468.7363854599)
Robinet ,1.212218,6.171874,True,Campus Sud,Forage,,,"Sciences Juridiques, Lettres et Arts 1",,,limite UL,2024-11-03 20:21:14,AMEKUDZI ,2024-11-03 20:21:14,POINT (302178.45722278394 682535.879314721)
Robinet ,1.212207,6.171968,True,Campus Sud,Forage,,,"Sciences Juridiques, Lettres et Arts 1",,,limite UL,2024-11-03 20:21:14,AMEKUDZI ,2024-11-03 20:21:14,POINT (302177.32757238345 682546.2472672447)
Robinet ,1.214221,6.1728,True,Campus Sud,Forage,,,"Sciences Juridiques, Lettres et Arts 1",,,limite UL,2024-11-03 20:21:14,AMEKUDZI ,2024-11-03 20:21:14,POINT (302400.45772348763 682637.5396737291)
Robinet ,1.214221,6.1728,True,Campus Sud,Forage,,,"Sciences Juridiques, Lettres et Arts 1",,,limite UL,2024-11-03 20:21:14,AMEKUDZI ,2024-11-03 20:21:14,POINT (302400.45772348763 682637.5396737291)
Pointeau ,1.209634,6.179014,True,Campus Sud,Forage,,,Aires forestières 3,,,limite UL,2024-11-03 20:21:14,EHO kodzo Emmanuel ,2024-11-03 20:21:14,POINT (301895.0795412693 683326.4252015052)
Pointeau ,1.20955,6.179376,True,Campus Sud,Forage,,,Aires forestières 3,,,limite UL,2024-11-03 20:21:14,EHO kodzo Emmanuel ,2024-11-03 20:21:14,POINT (301885.97645478905 683366.5075202659)
Pointeau ,1.209544,6.179735,True,Campus Sud,Forage,,,Aires forestières 3,,,limite UL,2024-11-03 20:21:14,EHO kodzo Emmanuel ,2024-11-03 20:21:14,POINT (301885.44285126706 683406.2823022516)
Pointeau ,1.209566,6.18005,True,Campus Sud,Forage,,,Aires forestières 3,,,limite UL,2024-11-03 20:21:14,EHO kodzo Emmanuel ,2024-11-03 20:21:14,POINT (301887.9210110492 683441.1121000082)
Pointeau ,1.209276,6.180416,True,Campus Sud,Forage,,,Aires forestières 3,,,limite UL,2024-11-03 20:21:14,EHO kodzo Emmanuel ,2024-11-03 20:21:14,POINT (301856.0012272012 683481.5996965653)
Pointeau ,1.209289,6.180287,True,Campus Sud,Forage,,,Aires forestières 3,,,limite UL,2024-11-03 20:21:14,EHO kodzo Emmanuel ,2024-11-03 20:21:14,POINT (301857.36348747474 683467.3711953488)
Pointeau ,1.209271,6.180338,True,Campus Sud,Forage,,,Aires forestières 3,,,limite UL,2024-11-03 20:21:14,EHO kodzo Emmanuel ,2024-11-03 20:21:14,POINT (301855.43880180095 683473.0092869871)
Pointeau ,1.209232,6.180327,True,Campus Sud,Forage,,,Aires forestières 3,,,limite UL,2024-11-03 20:21:14,EHO kodzo Emmanuel ,2024-11-03 20:21:14,POINT (301851.0981499185 683471.8394003676)
Pointeau ,1.209123,6.180474,True,Campus Sud,Forage,,,Aires forestières 3,,,limite UL,2024-11-03 20:21:14,EHO kodzo Emmanuel ,2024-11-03 20:21:14,POINT (301839.0982245412 683488.1751972196)
Pointeau ,1.209123,6.180323,True,Campus Sud,Forage,,,Aires forestières 3,,,limite UL,2024-11-03 20:21:14,EHO kodzo Emmanuel ,2024-11-03 20:21:14,POINT (301839.0583849151 683471.4076763857)
Pointeau ,1.209577,6.180531,True,Campus Sud,Forage,,,Aires forestières 3,,,limite UL,2024-11-03 20:21:14,EHO kodzo Emmanuel ,2024-11-03 20:21:14,POINT (301889.3164390221 683494.2958387759)
Pointeau ,1.209096,6.181997,True,Campus Sud,Forage,,,Grandes aires de stationnement 1,,,limite UL,2024-11-03 20:21:14,EHO kodzo Emmanuel ,2024-11-03 20:21:14,POINT (301836.65906210424 683656.6175564703)
Point d'eau ,1.212373,6.175242,False,Campus Sud,Tde,,,Sciences et Technologies,,,limite UL,2024-11-03 20:21:14,Abel ,2024-11-03 20:21:14,POINT (302196.9136194958 682908.2659311491)
Point d'eau ,1.212418,6.175381,False,Campus Sud,Tde,,,Sciences et Technologies,,,limite UL,2024-11-03 20:21:14,Abel ,2024-11-03 20:21:14,POINT (302201.94400747033 682923.650790556)
Point d'eau ,1.211892,6.17564,True,Campus Sud,Tde,,,Sciences et Technologies,,,limite UL,2024-11-03 20:21:14,Abel ,2024-11-03 20:21:14,POINT (302143.7837243734 682952.508423875)
Point d'eau ,1.211894,6.175157,True,Campus Sud,Tde,,,Sciences et Technologies,,,limite UL,2024-11-03 20:21:15,Abel ,2024-11-03 20:21:15,POINT (302143.795824314 682899.0910899835)
Point d'eau ,1.212526,6.174894,True,Campus Sud,Tde,,,Sciences et Technologies,,,limite UL,2024-11-03 20:21:15,Abel ,2024-11-03 20:21:15,POINT (302213.6905811483 682869.6908644121)
Point d'eau ,1.21246,6.174835,False,Campus Sud,Tde,,,Sciences et Technologies,,,limite UL,2024-11-03 20:21:15,Abel ,2024-11-03 20:21:15,POINT (302206.3168713508 682863.1903902742)
Point d'eau ,1.212472,6.174864,False,Campus Sud,Tde,,,Sciences et Technologies,,,limite UL,2024-11-03 20:21:15,Abel ,2024-11-03 20:21:15,POINT (302207.6393041528 682866.4021135895)
Point d'eau ,1.212457,6.174877,True,Campus Sud,Tde,,,Sciences et Technologies,,,limite UL,2024-11-03 20:21:15,Abel ,2024-11-03 20:21:15,POINT (302205.9752472103 682867.9261973588)
Point d'eau ,1.212489,6.174846,False,Campus Sud,Tde,,,Sciences et Technologies,,,limite UL,2024-11-03 20:21:15,Abel ,2024-11-03 20:21:15,POINT (302209.5685938182 682864.4236915923)
Point d'eau ,1.212779,6.174871,True,Campus Sud,Tde,,,Sciences et Technologies,,,limite UL,2024-11-03 20:21:15,Abel ,2024-11-03 20:21:15,POINT (302241.7003399856 682867.1118378689)
UL_pointeau,1.209639,6.183578,True,Campus Nord,Tde,,,Sciences de l'Homme et de la Société,,,limite UL,2024-11-03 20:21:15,SOTOWOU Honorine ,2024-11-03 20:21:15,POINT (301897.36838302977 683831.1867162089)
UL_pointeau,1.208596,6.183844,True,Campus Nord,Forage,,,Sciences de l'Homme et de la Société,,,limite UL,2024-11-03 20:21:15,SOTOWOU Honorine ,2024-11-03 20:21:15,POINT (301782.05727302074 683860.975164717)
Point eau,1.212309,6.169911,True,Campus Sud,Tde,,,Zone de Coopération,,,limite UL,2024-11-03 20:21:15,NUTSUDZA Blessing ,2024-11-03 20:21:15,POINT (302187.84807729855 682318.6683023082)
Point eau ,1.212628,6.170012,True,Campus Sud,Tde,,,Zone de Coopération,,,limite UL,2024-11-03 20:21:15,NUTSUDZA Blessing ,2024-11-03 20:21:15,POINT (302223.1638290065 682329.7250941859)
Point eau uni,1.212625,6.170013,True,Campus Sud,Tde,,,Zone de Coopération,,,limite UL,2024-11-03 20:21:15,NUTSUDZA Blessing ,2024-11-03 20:21:15,POINT (302222.8024754369 682329.8790499881)
Point eau,1.212706,6.169889,True,Campus Sud,Tde,,,Zone de Coopération,,,limite UL,2024-11-03 20:21:15,NUTSUDZA Blessing ,2024-11-03 20:21:15,POINT (302231.68672646926 682316.0779123452)
Point d'eau ,1.210733,6.185041,True,Campus Nord,Tde,,,Sciences Economiques et de Gestion,,,limite UL,2024-11-03 20:21:15,AZOTI Croix ,2024-11-03 20:21:15,POINT (302018.9489864157 683992.6238655011)
Point d'eau ,1.211225,6.175575,True,Campus Sud,Tde,,,Sciences Agronomiques,,,limite UL,2024-11-03 20:21:15,AZOTI Croix ,2024-11-03 20:21:15,POINT (302069.9193573989 682945.5290134568)
Point d'eau ,1.210965,6.175785,True,Campus Sud,Tde,,,Sciences Agronomiques,,,limite UL,2024-11-03 20:21:15,AZOTI Croix ,2024-11-03 20:21:15,POINT (302041.2188915111 682968.8508462319)
Point d'eau,1.210778,6.175862,True,Campus Sud,Tde,,,Sciences Agronomiques,,,limite UL,2024-11-03 20:21:15,AZOTI Croix ,2024-11-03 20:21:15,POINT (302020.58590007876 682977.3992976602)
Point d'eau ,1.21078,6.175668,True,Campus Sud,Tde,,,Sciences Agronomiques,,,limite UL,2024-11-03 20:21:15,AZOTI Croix ,2024-11-03 20:21:15,POINT (302020.6985224787 682956.0167998554)
Point d'eau ,1.210805,6.175588,True,Campus Sud,Tde,,,Sciences Agronomiques,,,limite UL,2024-11-03 20:21:15,AZOTI Croix ,2024-11-03 20:21:15,POINT (302023.4359544192 682947.1598274055)
Point d'eau ,1.21078,6.17532,True,Campus Sud,Tde,,,Sciences Agronomiques,,,limite UL,2024-11-03 20:21:15,AZOTI Croix ,2024-11-03 20:21:15,POINT (302020.56906500214 682917.4925547772)
Point d'eau ,1.21062,6.175318,True,Campus Sud,Tde,,,Sciences Agronomiques,,,limite UL,2024-11-03 20:21:15,AZOTI Croix ,2024-11-03 20:21:15,POINT (302002.85858329374 682917.3677417204)
Point d'eau ,1.210398,6.175272,True,Campus Sud,Tde,,,Sciences Agronomiques,,,limite UL,2024-11-03 20:21:15,AZOTI Croix ,2024-11-03 20:21:15,POINT (301978.3056956378 682912.2890575834)
Point d'eau ,1.210455,6.175477,True,Campus Sud,Tde,,,Sciences Agronomiques,,,limite UL,2024-11-03 20:21:15,AZOTI Croix ,2024-11-03 20:21:15,POINT (301984.6541402887 682934.940144057)
Point d'eau ,1.21039,6.175535,True,Campus Sud,Tde,,,Sciences Agronomiques,,,limite UL,2024-11-03 20:21:15,AZOTI Croix ,2024-11-03 20:21:15,POINT (301977.48119405075 682941.415755725)
Point d'eau ,1.210487,6.175767,True,Campus Sud,Tde,,,Sciences Agronomiques,,,limite UL,2024-11-03 20:21:16,AZOTI Croix ,2024-11-03 20:21:16,POINT (301988.26701450284 682967.0011851998)
Point d'eau ,1.210417,6.175177,True,Campus Sud,Tde,,,Sciences Agronomiques,,,limite UL,2024-11-03 20:21:16,AZOTI Croix ,2024-11-03 20:21:16,POINT (301980.2996389632 682901.7756230204)
Point d'eau ,1.210455,6.174975,True,Campus Sud,Tde,,,Sciences Agronomiques,,,limite UL,2024-11-03 20:21:16,AZOTI Croix ,2024-11-03 20:21:16,POINT (301984.4676708976 682879.4578489182)
Point d'eau ,1.210222,6.17457,True,Campus Sud,Tde,,,Sciences Agronomiques,,,limite UL,2024-11-03 20:21:16,AZOTI Croix ,2024-11-03 20:21:16,POINT (301958.4902196237 682834.7532927541)
Point d'eau ,1.215415,6.176168,True,Campus Sud,Tde,,,Sciences et Technologies,,,limite UL,2024-11-03 20:21:16,Abel,2024-11-03 20:21:16,POINT (302533.90778506396 683009.5062011044)
Points eau ,1.215085,6.176534,True,Campus Sud,Tde,,,Sciences et Technologies,,,limite UL,2024-11-03 20:21:16,Abel,2024-11-03 20:21:16,POINT (302497.4730530347 683050.1879176922)
Points eau ,1.214301,6.17581,False,Campus Sud,Tde,,,Sciences et Technologies,,,limite UL,2024-11-03 20:21:16,Abel,2024-11-03 20:21:16,POINT (302410.4410377161 682970.3301757581)
Point d'eau ,1.210363,6.176415,True,Campus Sud,Tde,,,Sciences Agronomiques,,,limite UL,2024-11-03 20:21:16,AZOTI Croix ,2024-11-03 20:21:16,POINT (301974.8567031526 683038.7501087212)
Point d'eau,1.21045,6.176182,True,Campus Sud,Tde,,,Sciences Agronomiques,,,limite UL,2024-11-03 20:21:16,AZOTI Croix ,2024-11-03 20:21:16,POINT (301984.3627817719 683012.9121416514)
Piont d'eau ,1.209867,6.175947,True,Campus Sud,Tde,,,Sciences Agronomiques,,,limite UL,2024-11-03 20:21:16,AZOTI Croix ,2024-11-03 20:21:16,POINT (301919.7082714203 682987.1391593515)
Piont d'eau ,1.209868,6.175782,True,Campus Sud,Tde,,,Sciences Agronomiques,,,limite UL,2024-11-03 20:21:16,AZOTI Croix ,2024-11-03 20:21:16,POINT (301919.8313920958 682968.8902033023)
Piont d'eau ,1.209822,6.176168,True,Campus Sud,Tde,,,Sciences Agronomiques,,,limite UL,2024-11-03 20:21:16,AZOTI Croix ,2024-11-03 20:21:16,POINT (301914.8098099603 683011.6713489658)
Piont d'eau ,1.210075,6.176198,True,Campus Sud,Tde,,,Sciences Agronomiques,,,limite UL,2024-11-03 20:21:16,AZOTI Croix ,2024-11-03 20:21:16,POINT (301942.86154687736 683014.8949457736)
Piont d'eau ,1.210773,6.176115,True,Campus Sud,Tde,,,Sciences Agronomiques,,,limite UL,2024-11-03 20:21:16,AZOTI Croix ,2024-11-03 20:21:16,POINT (302020.12662621913 683005.4187908911)
Piont d'eau ,1.210787,6.176388,True,Campus Sud,Tde,,,Sciences Agronomiques,,,limite UL,2024-11-03 20:21:16,AZOTI Croix ,2024-11-03 20:21:16,POINT (302021.704041698 683035.6433828553)
Piont d'eau ,1.210778,6.176603,True,Campus Sud,Tde,,,Sciences Agronomiques,,,limite UL,2024-11-03 20:21:16,AZOTI Croix ,2024-11-03 20:21:16,POINT (302020.861572295 683059.4246062879)
Piont d'eau ,1.210772,6.176788,True,Campus Sud,Tde,,,Sciences Agronomiques,,,limite UL,2024-11-03 20:21:16,AZOTI Croix ,2024-11-03 20:21:16,POINT (302020.1924317557 683079.8873323365)
Piont d'eau ,1.210988,6.176403,True,Campus Sud,Tde,,,Sciences Agronomiques,,,limite UL,2024-11-03 20:21:16,AZOTI Croix ,2024-11-03 20:21:16,POINT (302044.03137506434 683037.2273048086)
Piont d'eau ,1.21101,6.176128,True,Campus Sud,Tde,,,Sciences Agronomiques,,,limite UL,2024-11-03 20:21:16,AZOTI Croix ,2024-11-03 20:21:16,POINT (302046.3273774757 683006.8053709114)
Piont d'eau ,1.209845,6.175142,True,Campus Sud,Tde,,,Sciences Agronomiques,,,limite UL,2024-11-03 20:21:16,AZOTI Croix ,2024-11-03 20:21:16,POINT (301917.01072678703 682898.1174635878)
Robinet cfpj,1.212005,6.172964,True,Campus Sud,Forage,,,"Sciences Juridiques, Lettres et Arts 1",,,limite UL,2024-11-03 20:21:16,AMEKUDZI ,2024-11-03 20:21:16,POINT (302155.24591809104 682656.4365828508)
Robinet ,1.21384,6.171765,True,Campus Sud,Forage,,,"Sciences Juridiques, Lettres et Arts 1",,,limite UL,2024-11-03 20:21:16,AMEKUDZI ,2024-11-03 20:21:16,POINT (302357.9514840649 682523.1923191728)
Point d'eau ,1.21148,6.171703,True,Campus Sud,Tde,,,"Sciences Juridiques, Lettres et Arts 1",,,limite UL,2024-11-03 20:21:16,AMIDOU faouziatou,2024-11-03 20:21:16,POINT (302096.7065231162 682517.243849548)
Point d'eau ,1.210343,6.171563,True,Campus Sud,Tde,,,"Sciences Juridiques, Lettres et Arts 1",,,limite UL,2024-11-03 20:21:16,AMIDOU faouziatou,2024-11-03 20:21:16,POINT (301970.8398582026 682502.182919195)
Point d'eau ,1.217008,6.168982,True,Campus Sud,Tde,,,Zone résidentielles 2,,,limite UL,2024-11-03 20:21:17,ADIKA Afi Cathérine ,2024-11-03 20:21:17,POINT (302707.6150184901 682214.1886274848)
Point d'eau ,1.216915,6.16876,True,Campus Sud,Tde,,,Zone résidentielles 2,,,limite UL,2024-11-03 20:21:17,ADIKA Afi Cathérine ,2024-11-03 20:21:17,POINT (302697.2021657538 682189.7078443519)
Point d'eau ,1.217512,6.169033,True,Campus Sud,Tde,,,Zone résidentielles 2,,,limite UL,2024-11-03 20:21:17,ADIKA Afi Cathérine ,2024-11-03 20:21:17,POINT (302763.34687072714 682219.7163845985)
Point d'eau ,1.21751,6.169007,True,Campus Sud,Tde,,,Zone résidentielles 2,,,limite UL,2024-11-03 20:21:17,ADIKA Afi Cathérine ,2024-11-03 20:21:17,POINT (302763.15252851986 682216.7677883126)
Point d'eau ,1.217638,6.168715,True,Campus Sud,Tde,,,Zone résidentielles 2,,,limite UL,2024-11-03 20:21:17,ADIKA Afi Cathérine ,2024-11-03 20:21:17,POINT (302777.24956441426 682184.4632677017)
Point d'eau ,1.216438,6.168972,True,Campus Sud,Tde,,,Zone résidentielles 2,,,limite UL,2024-11-03 20:21:17,ADIKA Afi Cathérine ,2024-11-03 20:21:17,POINT (302644.51938556205 682213.2937603021)
Point d'eau ,1.215273,6.168162,True,Campus Sud,Tde,,,Zone résidentielles 2,,,limite UL,2024-11-03 20:21:17,ADIKA Afi Cathérine ,2024-11-03 20:21:17,POINT (302515.2683268547 682124.1429471609)
Point d'eau ,1.21518,6.168397,True,Campus Sud,Tde,,,Zone résidentielles 2,,,limite UL,2024-11-03 20:21:17,ADIKA Afi Cathérine ,2024-11-03 20:21:17,POINT (302505.02448079933 682150.167509231)
Point d'eau ,1.214357,6.169407,True,Campus Sud,Tde,,,Zone résidentielles 2,,,limite UL,2024-11-03 20:21:17,ADIKA Afi Cathérine ,2024-11-03 20:21:17,POINT (302414.26570933004 682262.1743601961)
Point d'eau ,1.214132,6.169445,True,Campus Sud,Tde,,,Zone résidentielles 2,,,limite UL,2024-11-03 20:21:17,ADIKA Afi Cathérine ,2024-11-03 20:21:17,POINT (302389.37519200495 682266.4973079986)
Point d'eau ,1.21411,6.169515,True,Campus Sud,Tde,,,Zone résidentielles 2,,,limite UL,2024-11-03 20:21:17,ADIKA Afi Cathérine ,2024-11-03 20:21:17,POINT (302387.00290110125 682274.2470430878)
Robinet ,1.214082,6.170028,True,Campus Sud,Forage,,,Zone résidentielles 2,,,limite UL,2024-11-03 20:21:17,Saguintaah ,2024-11-03 20:21:17,POINT (302384.1268942549 682330.9671066357)
Robinet ,1.214201,6.169932,True,Campus Sud,Forage,,,Zone résidentielles 2,,,limite UL,2024-11-03 20:21:17,Saguintaah ,2024-11-03 20:21:17,POINT (302397.2762316207 682320.3610338323)
Robinet ,1.213985,6.169828,True,Campus Sud,Forage,,,Zone résidentielles 2,,,limite UL,2024-11-03 20:21:17,Saguintaah ,2024-11-03 20:21:17,POINT (302373.2314164083 682308.9450593715)
Robinet ,1.213964,6.169946,True,Campus Sud,Forage,,,Zone résidentielles 2,,,limite UL,2024-11-03 20:21:17,Saguintaah ,2024-11-03 20:21:17,POINT (302371.05579287454 682321.9806715171)
Robinet ,1.213726,6.169945,True,Campus Sud,Forage,,,Zone de Coopération,,,limite UL,2024-11-03 20:21:17,Saguintaah ,2024-11-03 20:21:17,POINT (302344.620775113 682321.9975699477)
Robinet ,1.213762,6.169827,True,Campus Sud,Forage,,,Zone de Coopération,,,limite UL,2024-11-03 20:21:17,Saguintaah ,2024-11-03 20:21:17,POINT (302348.5564424992 682308.8422226197)
Robinet ,1.213671,6.169799,True,Campus Sud,Forage,,,Zone résidentielles 2,,,limite UL,2024-11-03 20:21:17,Saguintaah ,2024-11-03 20:21:17,POINT (302338.570409232 682305.8088578853)
Robinet ,1.213649,6.169914,True,Campus Sud,Forage,,,Zone de Coopération,,,limite UL,2024-11-03 20:21:17,Saguintaah ,2024-11-03 20:21:17,POINT (302336.12303034053 682318.5504050592)
